t,0
1
2
3
4
5
6
7
8,0.00390349
9,0.036562094
10,0.084990516
11,0.121820946
12,0.146088233
13,0.148694521
14,0.10893221
15,0.03744493
16,0.00014164
17
18
19
20
21
22
23
24
25
26
27
28
29
30
31
32,0.009378002
33,0.053479228
34,0.09106437
35,0.11255354
36,0.104954837
37,0.080548831
38,0.048176506
39,0.013667458
40
41
42
43
44
45
46
47
48
49
50
51
52
53
54
55
56,0.002710541
57,0.028372304
58,0.061869173
59,0.087342168
60,0.096954408
61,0.092710079
62,0.071639501
63,0.029686574
64,0.00014164
65
66
67
68
69
70
71
72
73
74
75
76
77
78
79
80,0.003272657
81,0.028311231
82,0.051069715
83,0.064261239
84,0.069380965
85,0.06985364
86,0.050346434
87,0.016163888
88
89
90
91
92
93
94
95
96
97
98
99
100
101
102
103
104,0.008489994
105,0.047457523
106,0.087474959
107,0.131041444
108,0.156412079
109,0.149280291
110,0.094348722
111,0.029485087
112,0.000283281
113
114
115
116
117
118
119
120
121
122
123
124
125
126
127
128,0.008036805
129,0.058901055
130,0.121139928
131,0.17186241
132,0.189236156
133,0.15943483
134,0.097468975
135,0.031589585
136
137
138
139
140
141
142
143
144
145
146
147
148
149
150
151
152,0.015472986
153,0.086559566
154,0.164928108
155,0.19624924
156,0.17861993
157,0.113907763
158,0.053945941
159,0.012790144
160
161
162
163
164
165
166
167
168
169
170
171
172
173
174
175
176,0.011530614
177,0.065330207
178,0.146048083
179,0.226939906
180,0.291623294
181,0.289187751
182,0.211825104
183,0.081248935
184,0.000344532
185
186
187
188
189
190
191
192
193
194
195
196
197
198
199
200,0.005642372
201,0.034177689
202,0.070274591
203,0.10047787
204,0.104809195
205,0.086359432
206,0.049118929
207,0.013199371
208
209
210
211
212
213
214
215
216
217
218
219
220
221
222
223
224,0.01727456
225,0.051551173
226,0.06142834
227,0.14024712
228,0.235162064
229,0.163104224
230,0.064766586
231,0.023182641
232
233
234
235
236
237
238
239
240
241
242
243
244
245
246
247
248,0.001565275
249,0.023860632
250,0.078772395
251,0.101437278
252,0.060388885
253,0.045446401
254,0.02643378
255,0.010313181
256,0.00014164
257
258
259
260
261
262
263
264
265
266
267
268
269
270
271
272,0.008666956
273,0.04421146
274,0.061865902
275,0.067049184
276,0.077273343
277,0.083784233
278,0.069915724
279,0.027909052
280
281
282
283
284
285
286
287
288
289
290
291
292
293
294
295
296,0.006243221
297,0.028043988
298,0.057293812
299,0.092451914
300,0.112766769
301,0.116747874
302,0.094717523
303,0.041331647
304,0.00014164
305
306
307
308
309
310
311
312
313
314
315
316
317
318
319,0.000248493
320,0.071281129
321,0.224046606
322,0.377300962
323,0.465322131
324,0.487602132
325,0.43736582
326,0.321623083
327,0.149713925
328,0.004679414
329
330
331
332
333
334
335
336
337
338
339
340
341
342
343
344,0.029434951
345,0.081474037
346,0.101505332
347,0.104790066
348,0.095474933
349,0.077229029
350,0.048922061
351,0.016785961
352
353
354
355
356
357
358
359
360
361
362
363
364
365
366
367
368,0.042866051
369,0.160474498
370,0.264564085
371,0.26356197
372,0.226814439
373,0.173459459
374,0.102528042
375,0.038607139
376,0.000531774
377
378
379
380
381
382
383
384
385
386
387
388
389
390
391
392,0.012419473
393,0.059688424
394,0.111955632
395,0.136268509
396,0.140418689
397,0.131573499
398,0.090092824
399,0.036973564
400,0.000383486
401
402
403
404
405
406
407
408
409
410
411
412
413
414
415
416,0.052121794
417,0.18491111
418,0.366744658
419,0.462007199
420,0.486522548
421,0.451442969
422,0.347055367
423,0.17969926
424,0.014055377
425
426
427
428
429
430
431
432
433
434
435
436
437
438
439
440,0.052816869
441,0.188598761
442,0.325035857
443,0.39788968
444,0.414142881
445,0.376337385
446,0.283178836
447,0.138777127
448,0.008045115
449
450
451
452
453
454
455
456
457
458
459
460
461
462
463
464,0.032894757
465,0.126391096
466,0.229105534
467,0.303257565
468,0.319291413
469,0.28625195
470,0.196941724
471,0.084246771
472,0.005400284
473
474
475
476
477
478
479
480
481
482
483
484
485
486
487,0.000137367
488,0.052830021
489,0.184088039
490,0.337987492
491,0.441445148
492,0.463471971
493,0.424345707
494,0.330100738
495,0.177514212
496,0.018398224
497
498
499
500
501
502
503
504
505
506
507
508
509
510
511
512,0.100238308
513,0.261506408
514,0.420638486
515,0.508656974
516,0.544763191
517,0.499913701
518,0.391704689
519,0.219389466
520,0.028347391
521
522
523
524
525
526
527
528
529
530
531
532
533
534
535
536,0.004356374
537,0.026592701
538,0.058658771
539,0.094694521
540,0.108169233
541,0.097493437
542,0.066282841
543,0.029685646
544,0.002268737
545
546
547
548
549
550
551
552
553
554
555
556
557
558
559,0.00014164
560,0.012735536
561,0.049554443
562,0.078516022
563,0.11197769
564,0.166189396
565,0.205737902
566,0.176855999
567,0.083868105
568,0.006558413
569
570
571
572
573
574
575
576
577
578
579
580
581
582
583,0.000283281
584,0.017874465
585,0.065331846
586,0.128741222
587,0.201033469
588,0.256072182
589,0.26090027
590,0.213961947
591,0.121493343
592,0.016576056
593
594
595
596
597
598
599
600
601
602
603
604
605
606
607
608,0.027988501
609,0.100383859
610,0.188081722
611,0.284916586
612,0.351376852
613,0.362790659
614,0.293201866
615,0.154698707
616,0.018924103
617
618
619
620
621
622
623
624
625
626
627
628
629
630
631
632,0.034814329
633,0.095917258
634,0.163099574
635,0.244087023
636,0.286790556
637,0.277163417
638,0.21377466
639,0.11211587
640,0.013139117
641
642
643
644
645
646
647
648
649
650
651
652
653
654
655
656,0.034186336
657,0.072384821
658,0.121848472
659,0.188224214
660,0.224521885
661,0.199073494
662,0.137842091
663,0.057215035
664,0.004570879
665
666
667
668
669
670
671
672
673
674
675
676
677
678
679
680,0.018506908
681,0.069078776
682,0.177112643
683,0.343199978
684,0.409676475
685,0.394369182
686,0.324586499
687,0.189968719
688,0.033624386
689
690
691
692
693
694
695
696
697
698
699
700
701
702
703,0.000643367
704,0.080518087
705,0.220445724
706,0.322092266
707,0.36887341
708,0.359710203
709,0.31139761
710,0.220462856
711,0.100734827
712,0.011141973
713
714
715
716
717
718
719
720
721
722
723
724
725
726
727
728,0.005557021
729,0.032202863
730,0.068922058
731,0.074384931
732,0.061954968
733,0.046461479
734,0.029810853
735,0.014331531
736,0.000486173
737
738
739
740
741
742
743
744
745
746
747
748
749
750
751
752,0.004210107
753,0.022671191
754,0.049833024
755,0.064799192
756,0.080110859
757,0.088099028
758,0.079963929
759,0.048295356
760,0.007606663
761
762
763
764
765
766
767
768
769
770
771
772
773
774
775
776,0.025943209
777,0.082959302
778,0.154142969
779,0.230272871
780,0.271524497
781,0.2747925
782,0.194467423
783,0.101441301
784,0.024165438
785
786
787
788
789
790
791
792
793
794
795
796
797
798
799
800,0.010418987
801,0.035011633
802,0.061983534
803,0.080279219
804,0.08175007
805,0.073267613
806,0.057242917
807,0.033953592
808,0.006912789
809
810
811
812
813
814
815
816
817
818
819
820
821
822
823
824,0.025727696
825,0.064952557
826,0.110643563
827,0.146240032
828,0.15961739
829,0.1210383
830,0.059400575
831,0.02054874
832,0.001759657
833
834
835
836
837
838
839
840
841
842
843
844
845
846
847,0.000292762
848,0.0440822
849,0.132443405
850,0.231220591
851,0.329021291
852,0.359051087
853,0.329070058
854,0.220461505
855,0.088876976
856,0.014099047
857
858
859
860
861
862
863
864
865
866
867
868
869
870
871,0.005216573
872,0.130032255
873,0.31726508
874,0.435347775
875,0.490791342
876,0.49772126
877,0.454135399
878,0.357158905
879,0.208877782
880,0.04760928
881
882
883
884
885
886
887
888
889
890
891
892
893
894
895,0.007879366
896,0.149647489
897,0.283842878
898,0.369208825
899,0.394369521
900,0.358710187
901,0.288504333
902,0.220114646
903,0.12488657
904,0.024155189
905
906
907
908
909
910
911
912
913
914
915
916
917
918
919,0.006328952
920,0.118500236
921,0.227945024
922,0.225934227
923,0.209622343
924,0.249274742
925,0.268839706
926,0.16856325
927,0.066925894
928,0.010156462
929
930
931
932
933
934
935
936
937
938
939
940
941
942
943,0.001858504
944,0.03780084
945,0.10848638
946,0.217940513
947,0.283428506
948,0.227281419
949,0.175978086
950,0.098254469
951,0.032682332
952,0.005855373
953
954
955
956
957
958
959
960
961
962
963
964
965
966
967
968,0.028029317
969,0.102493767
970,0.191852165
971,0.279079374
972,0.315933069
973,0.283989042
974,0.213034637
975,0.105791981
976,0.019060632
977
978
979
980
981
982
983
984
985
986
987
988
989
990
991,0.003444812
992,0.068227506
993,0.158557163
994,0.24326532
995,0.314376121
996,0.357880638
997,0.344026202
998,0.273638676
999,0.169994507
1000,0.050569228
1001
1002
1003
1004
1005
1006
1007
1008
1009
1010
1011
1012
1013
1014
1015,0.004832111
1016,0.102160439
1017,0.273259503
1018,0.415194722
1019,0.444687865
1020,0.46343676
1021,0.443832307
1022,0.381958716
1023,0.256797455
1024,0.080214241
1025
1026
1027
1028
1029
1030
1031
1032
1033
1034
1035
1036
1037
1038
1039,0.008673283
1040,0.113185077
1041,0.246369407
1042,0.350981147
1043,0.355989002
1044,0.337418819
1045,0.256509463
1046,0.157787714
1047,0.078091226
1048,0.018413068
1049
1050
1051
1052
1053
1054
1055
1056
1057
1058
1059
1060
1061
1062
1063,0.006992989
1064,0.067200908
1065,0.149845154
1066,0.239433713
1067,0.30221495
1068,0.2892086
1069,0.211565181
1070,0.127292266
1071,0.053129021
1072,0.009397561
1073
1074
1075
1076
1077
1078
1079
1080
1081
1082
1083
1084
1085
1086
1087,0.005551665
1088,0.068300242
1089,0.159723855
1090,0.265024067
1091,0.349187463
1092,0.337761029
1093,0.265268688
1094,0.184459281
1095,0.092558239
1096,0.026034816
1097
1098
1099
1100
1101
1102
1103
1104
1105
1106
1107
1108
1109
1110
1111,0.011295589
1112,0.113220897
1113,0.243878714
1114,0.33509405
1115,0.387616112
1116,0.40324712
1117,0.364040733
1118,0.282184297
1119,0.167985277
1120,0.055971745
1121
1122
1123
1124
1125
1126
1127
1128
1129
1130
1131
1132
1133
1134
1135,0.007376489
1136,0.067972215
1137,0.13624905
1138,0.182375758
1139,0.185210309
1140,0.165755714
1141,0.14055873
1142,0.108206696
1143,0.071437652
1144,0.023579785
1145
1146
1147
1148
1149
1150
1151
1152
1153
1154
1155
1156
1157
1158
1159,0.032665167
1160,0.194413357
1161,0.356880458
1162,0.480513371
1163,0.538485611
1164,0.534644316
1165,0.478637039
1166,0.385763462
1167,0.235750223
1168,0.076219306
1169,0.00014164
1170
1171
1172
1173
1174
1175
1176
1177
1178
1179
1180
1181
1182
1183,0.011143715
1184,0.069926345
1185,0.134763294
1186,0.191225986
1187,0.234536347
1188,0.236874138
1189,0.194132068
1190,0.157648209
1191,0.096223858
1192,0.034607647
1193
1194
1195
1196
1197
1198
1199
1200
1201
1202
1203
1204
1205
1206
1207,0.021349222
1208,0.106773028
1209,0.157271349
1210,0.158564589
1211,0.133089461
1212,0.099206136
1213,0.070289235
1214,0.046052598
1215,0.023088936
1216,0.004625124
1217
1218
1219
1220
1221
1222
1223
1224
1225
1226
1227
1228
1229
1230
1231,0.003028904
1232,0.024687168
1233,0.053770213
1234,0.085989061
1235,0.108826664
1236,0.1230191
1237,0.116007968
1238,0.103055526
1239,0.079675817
1240,0.041589829
1241,0.000815055
1242
1243
1244
1245
1246
1247
1248
1249
1250
1251
1252
1253
1254
1255,0.024207587
1256,0.113071513
1257,0.207514716
1258,0.298224373
1259,0.337305367
1260,0.264767095
1261,0.281235052
1262,0.304005021
1263,0.179026487
1264,0.040805069
1265,0.000527608
1266
1267
1268
1269
1270
1271
1272
1273
1274
1275
1276
1277
1278
1279,0.00850683
1280,0.046585489
1281,0.082098761
1282,0.103146517
1283,0.120089179
1284,0.145610293
1285,0.151703969
1286,0.134972326
1287,0.086891891
1288,0.035754725
1289,0.000344532
1290
1291
1292
1293
1294
1295
1296
1297
1298
1299
1300
1301
1302
1303,0.018755134
1304,0.100587837
1305,0.271259502
1306,0.379026353
1307,0.419695936
1308,0.43349668
1309,0.403467848
1310,0.320819346
1311,0.226397539
1312,0.099545084
1313,0.002832791
1314
1315
1316
1317
1318
1319
1320
1321
1322
1323
1324
1325
1326
1327,0.020681109
1328,0.104215583
1329,0.192402758
1330,0.249989623
1331,0.304410638
1332,0.334237496
1333,0.337529761
1334,0.293421019
1335,0.17843055
1336,0.07398054
1337,0.00203116
1338
1339
1340
1341
1342
1343
1344
1345
1346
1347
1348
1349
1350,0.000146381
1351,0.073980507
1352,0.235842684
1353,0.393456129
1354,0.498853566
1355,0.526190433
1356,0.532319234
1357,0.501694882
1358,0.429561545
1359,0.299393656
1360,0.135615544
1361,0.008753907
1362
1363
1364
1365
1366
1367
1368
1369
1370
1371
1372
1373
1374
1375,0.057607776
1376,0.203012028
1377,0.357782685
1378,0.480589469
1379,0.555144197
1380,0.576826109
1381,0.551403165
1382,0.47490567
1383,0.343997517
1384,0.16815011
1385,0.014406089
1386
1387
1388
1389
1390
1391
1392
1393
1394
1395
1396
1397
1398
1399,0.027222856
1400,0.102710108
1401,0.185577633
1402,0.25161321
1403,0.276563054
1404,0.281205264
1405,0.253617072
1406,0.19162727
1407,0.12567174
1408,0.059716214
1409,0.00312347
1410
1411
1412
1413
1414
1415
1416
1417
1418
1419
1420
1421
1422
1423,0.007066815
1424,0.037264303
1425,0.070440585
1426,0.092346618
1427,0.102274557
1428,0.100245933
1429,0.087254629
1430,0.068519609
1431,0.043779427
1432,0.016165698
1433,0.000241845
1434
1435
1436
1437
1438
1439
1440
1441
1442
1443
1444
1445
1446
1447,0.02273151
1448,0.103329799
1449,0.187055837
1450,0.249056323
1451,0.296225596
1452,0.32890206
1453,0.334844734
1454,0.296157434
1455,0.212741798
1456,0.100183124
1457,0.009839907
1458
1459
1460
1461
1462
1463
1464
1465
1466
1467
1468
1469
1470
1471,0.014060428
1472,0.056458722
1473,0.10687217
1474,0.1502332
1475,0.184490792
1476,0.192166078
1477,0.164519187
1478,0.116410172
1479,0.065205211
1480,0.021486725
1481,0.000241845
1482
1483
1484
1485
1486
1487
1488
1489
1490
1491
1492
1493
1494
1495,0.011737521
1496,0.064289864
1497,0.15986821
1498,0.28235716
1499,0.34444921
1500,0.36228468
1501,0.318247482
1502,0.253991484
1503,0.156579333
1504,0.065898673
1505,0.005365684
1506
1507
1508
1509
1510
1511
1512
1513
1514
1515
1516
1517
1518,0.000146381
1519,0.060161142
1520,0.197791381
1521,0.391731238
1522,0.511267977
1523,0.54786199
1524,0.529529512
1525,0.476874168
1526,0.356374147
1527,0.194701351
1528,0.065110657
1529,0.004144411
1530
1531
1532
1533
1534
1535
1536
1537
1538
1539
1540
1541
1542
1543,0.042011163
1544,0.138053879
1545,0.238924107
1546,0.273001602
1547,0.286499648
1548,0.25970639
1549,0.211212012
1550,0.15208517
1551,0.089553739
1552,0.034006981
1553,0.001383169
1554
1555
1556
1557
1558
1559
1560
1561
1562
1563
1564
1565
1566
1567,0.020321659
1568,0.075190933
1569,0.153738436
1570,0.273585146
1571,0.363820481
1572,0.384905359
1573,0.368186686
1574,0.298599065
1575,0.196254011
1576,0.087945913
1577,0.012296882
1578
1579
1580
1581
1582
1583
1584
1585
1586
1587
1588
1589
1590
1591,0.044737146
1592,0.13828795
1593,0.248946958
1594,0.27733742
1595,0.301284603
1596,0.311024024
1597,0.290887996
1598,0.223817756
1599,0.150886381
1600,0.071561169
1601,0.008769057
1602
1603
1604
1605
1606
1607
1608
1609
1610
1611
1612
1613
1614
1615,0.037355801
1616,0.110449812
1617,0.209633379
1618,0.242014912
1619,0.271019602
1620,0.275252959
1621,0.266076242
1622,0.247844849
1623,0.199427841
1624,0.109712453
1625,0.018685344
1626
1627
1628
1629
1630
1631
1632
1633
1634
1635
1636
1637
1638,0.001411319
1639,0.096812258
1640,0.288747292
1641,0.474519106
1642,0.589377808
1643,0.653498658
1644,0.669034121
1645,0.633216327
1646,0.545305601
1647,0.40670291
1648,0.22978834
1649,0.052826404
1650
1651
1652
1653
1654
1655
1656
1657
1658
1659
1660
1661
1662,0.001849887
1663,0.092652618
1664,0.248930521
1665,0.438148211
1666,0.587753093
1667,0.649373832
1668,0.658743928
1669,0.616268273
1670,0.526975563
1671,0.388811463
1672,0.213204555
1673,0.045726392
1674
1675
1676
1677
1678
1679
1680
1681
1682
1683
1684
1685
1686,0.000678622
1687,0.051711662
1688,0.16518144
1689,0.338473977
1690,0.484063995
1691,0.556596866
1692,0.56047734
1693,0.512303083
1694,0.435246336
1695,0.301393212
1696,0.142459735
1697,0.026675491
1698
1699
1700
1701
1702
1703
1704
1705
1706
1707
1708
1709
1710,0.001553823
1711,0.079589559
1712,0.237697901
1713,0.396600465
1714,0.50394945
1715,0.524138165
1716,0.528930427
1717,0.46763924
1718,0.37929905
1719,0.236566722
1720,0.111993945
1721,0.022671885
1722
1723
1724
1725
1726
1727
1728
1729
1730
1731
1732
1733
1734,0.002700203
1735,0.095875268
1736,0.261390081
1737,0.403333958
1738,0.489519437
1739,0.526153004
1740,0.538540456
1741,0.519291325
1742,0.448430803
1743,0.309834773
1744,0.151969883
1745,0.033043888
1746
1747
1748
1749
1750
1751
1752
1753
1754
1755
1756
1757
1758,0.007704984
1759,0.140240366
1760,0.336348604
1761,0.504266561
1762,0.619863776
1763,0.680525728
1764,0.691628764
1765,0.652883812
1766,0.563761128
1767,0.426099309
1768,0.258666465
1769,0.076980663
1770
1771
1772
1773
1774
1775
1776
1777
1778
1779
1780
1781
1782,0.000248493
1783,0.019319175
1784,0.047286096
1785,0.075045463
1786,0.108418117
1787,0.162824153
1788,0.24082413
1789,0.294798011
1790,0.295289342
1791,0.23755859
1792,0.136399933
1793,0.03236128
1794
1795
1796
1797
1798
1799
1800
1801
1802
1803
1804
1805
1806,0.00603002
1807,0.114381083
1808,0.295680541
1809,0.459735478
1810,0.560383483
1811,0.605929455
1812,0.617238733
1813,0.584985714
1814,0.516387595
1815,0.403147588
1816,0.245762278
1817,0.072900123
1818
1819
1820
1821
1822
1823
1824
1825
1826
1827
1828
1829
1830,0.010343069
1831,0.137605832
1832,0.343422469
1833,0.507316364
1834,0.614667629
1835,0.672509033
1836,0.68227773
1837,0.644760375
1838,0.560361974
1839,0.430201541
1840,0.262434736
1841,0.082674688
1842
1843
1844
1845
1846
1847
1848
1849
1850
1851
1852
1853
1854,0.021071647
1855,0.175807198
1856,0.344490055
1857,0.502447738
1858,0.608481971
1859,0.665884951
1860,0.676018898
1861,0.637442667
1862,0.553658405
1863,0.424652648
1864,0.259530786
1865,0.083359491
1866
1867
1868
1869
1870
1871
1872
1873
1874
1875
1876
1877
1878,0.007675107
1879,0.085278171
1880,0.207176887
1881,0.340989069
1882,0.449271754
1883,0.533893534
1884,0.5615125
1885,0.535077083
1886,0.474786864
1887,0.373873694
1888,0.223684236
1889,0.067352424
1890
1891
1892
1893
1894
1895
1896
1897
1898
1899
1900
1901
1902,0.01212936
1903,0.106403856
1904,0.253318836
1905,0.413519567
1906,0.538515722
1907,0.632077321
1908,0.633519586
1909,0.621363571
1910,0.526385916
1911,0.409534735
1912,0.245292397
1913,0.06948546
1914
1915
1916
1917
1918
1919
1920
1921
1922
1923
1924
1925
1926,0.005622037
1927,0.069739124
1928,0.185381863
1929,0.311076057
1930,0.456214396
1931,0.546605815
1932,0.568953448
1933,0.531359336
1934,0.4616616
1935,0.334236945
1936,0.182347095
1937,0.053715689
1938
1939
1940
1941
1942
1943
1944
1945
1946
1947
1948
1949
1950,0.004042903
1951,0.050990425
1952,0.149703765
1953,0.326537021
1954,0.462732476
1955,0.535460758
1956,0.553852137
1957,0.523445975
1958,0.452372978
1959,0.337789417
1960,0.185304925
1961,0.056832087
1962
1963
1964
1965
1966
1967
1968
1969
1970
1971
1972
1973
1974,0.010087565
1975,0.083428229
1976,0.199542943
1977,0.353010487
1978,0.456082628
1979,0.483777888
1980,0.477056002
1981,0.450661138
1982,0.381419373
1983,0.279791537
1984,0.166067865
1985,0.055139687
1986,0.000120923
1987
1988
1989
1990
1991
1992
1993
1994
1995
1996
1997
1998,0.016426893
1999,0.110196881
2000,0.276197867
2001,0.436276006
2002,0.504502236
2003,0.550619812
2004,0.592466525
2005,0.585856467
2006,0.518327079
2007,0.395885924
2008,0.222957362
2009,0.055552646
2010
2011
2012
2013
2014
2015
2016
2017
2018
2019
2020
2021
2022,0.006065776
2023,0.054030025
2024,0.127463775
2025,0.209915326
2026,0.255241836
2027,0.266958012
2028,0.232058673
2029,0.161759573
2030,0.103254021
2031,0.058580627
2032,0.027738056
2033,0.006992767
2034
2035
2036
2037
2038
2039
2040
2041
2042
2043
2044
2045
2046,0.003427964
2047,0.044156637
2048,0.126650573
2049,0.272795196
2050,0.449011806
2051,0.555004961
2052,0.60295075
2053,0.597556146
2054,0.541256592
2055,0.428906393
2056,0.283811613
2057,0.118899618
2058,0.002414646
2059
2060
2061
2062
2063
2064
2065
2066
2067
2068
2069
2070,0.034359376
2071,0.176650587
2072,0.340987364
2073,0.462226057
2074,0.523229514
2075,0.527347422
2076,0.483353932
2077,0.417050246
2078,0.33629951
2079,0.236241085
2080,0.124096996
2081,0.03803867
2082,0.000120923
2083
2084
2085
2086
2087
2088
2089
2090
2091
2092
2093
2094,0.036423427
2095,0.142597486
2096,0.281917737
2097,0.408329173
2098,0.46622972
2099,0.464132089
2100,0.372525434
2101,0.279914646
2102,0.25416608
2103,0.227794626
2104,0.15545623
2105,0.066088345
2106,0.001159587
2107
2108
2109
2110
2111
2112
2113
2114
2115
2116
2117,0.000496986
2118,0.028657344
2119,0.141712516
2120,0.312951579
2121,0.452509727
2122,0.539774566
2123,0.588227031
2124,0.579962178
2125,0.540972438
2126,0.469709703
2127,0.353677552
2128,0.206672858
2129,0.068260025
2130,0.001339792
2131
2132
2133
2134
2135
2136
2137
2138
2139
2140
2141
2142,0.008412505
2143,0.045092019
2144,0.098129569
2145,0.158639718
2146,0.209004762
2147,0.280895462
2148,0.305103377
2149,0.2821123
2150,0.253414527
2151,0.199714896
2152,0.137501572
2153,0.060435338
2154,0.002523802
2155
2156
2157
2158
2159
2160
2161
2162
2163
2164
2165
2166,0.031921144
2167,0.161592405
2168,0.32303586
2169,0.468528013
2170,0.577534902
2171,0.636655865
2172,0.637723947
2173,0.594804218
2174,0.501564002
2175,0.362192379
2176,0.199565643
2177,0.059190919
2178,0.000820263
2179
2180
2181
2182
2183
2184
2185
2186
2187
2188
2189
2190,0.02220831
2191,0.095059591
2192,0.190834756
2193,0.265642049
2194,0.291713827
2195,0.291266699
2196,0.290111486
2197,0.275822495
2198,0.249825119
2199,0.203195641
2200,0.132073387
2201,0.05620446
2202,0.002669459
2203
2204
2205
2206
2207
2208
2209
2210
2211
2212
2213
2214,0.038258218
2215,0.154702248
2216,0.295337594
2217,0.432287637
2218,0.54035389
2219,0.604614919
2220,0.615566617
2221,0.616062029
2222,0.532005004
2223,0.407652726
2224,0.252420314
2225,0.098299064
2226,0.005079243
2227
2228
2229
2230
2231
2232
2233
2234
2235
2236
2237
2238,0.029591226
2239,0.128965396
2240,0.28011133
2241,0.404908765
2242,0.476120068
2243,0.499540035
2244,0.471914775
2245,0.431254343
2246,0.367555399
2247,0.285801851
2248,0.180428544
2249,0.081883015
2250,0.0052459
2251
2252
2253
2254
2255
2256
2257
2258
2259
2260
2261
2262,0.02879707
2263,0.105444777
2264,0.2029942
2265,0.313854026
2266,0.420652657
2267,0.501717155
2268,0.524286154
2269,0.515831277
2270,0.434135091
2271,0.331240954
2272,0.20988056
2273,0.086687998
2274,0.006123576
2275
2276
2277
2278
2279
2280
2281
2282
2283
2284
2285
2286,0.041919302
2287,0.135712285
2288,0.266388318
2289,0.392116375
2290,0.478288161
2291,0.524382305
2292,0.531079212
2293,0.517641773
2294,0.440798658
2295,0.327467467
2296,0.189811351
2297,0.071557782
2298,0.004738328
2299
2300
2301
2302
2303
2304
2305
2306
2307
2308
2309
2310,0.021553767
2311,0.100002966
2312,0.28331608
2313,0.425799178
2314,0.50193707
2315,0.549932075
2316,0.563819092
2317,0.544730628
2318,0.486482822
2319,0.384869586
2320,0.243803261
2321,0.102808823
2322,0.010410191
2323
2324
2325
2326
2327
2328
2329
2330
2331
2332
2333
2334,0.050778732
2335,0.161850796
2336,0.285137464
2337,0.397348098
2338,0.480586166
2339,0.53442532
2340,0.544566387
2341,0.495322786
2342,0.401181477
2343,0.286054903
2344,0.17808925
2345,0.086142128
2346,0.011205477
2347
2348
2349
2350
2351
2352
2353
2354
2355
2356
2357
2358,0.034951026
2359,0.121619098
2360,0.229068315
2361,0.31292258
2362,0.359166427
2363,0.37079925
2364,0.344474624
2365,0.298663821
2366,0.247766337
2367,0.18360407
2368,0.114649898
2369,0.047659907
2370,0.005166253
2371
2372
2373
2374
2375
2376
2377
2378
2379
2380
2381
2382,0.04370624
2383,0.143169156
2384,0.252400268
2385,0.350759741
2386,0.413993952
2387,0.431766706
2388,0.426207144
2389,0.391506045
2390,0.322830714
2391,0.230276186
2392,0.132717723
2393,0.050431667
2394,0.004819618
2395
2396
2397
2398
2399
2400
2401
2402
2403
2404
2405,0.000137367
2406,0.058659033
2407,0.19130824
2408,0.346563618
2409,0.483689673
2410,0.579425215
2411,0.636399046
2412,0.64167019
2413,0.61285257
2414,0.537952982
2415,0.426931872
2416,0.282874008
2417,0.135921598
2418,0.024206806
2419
2420
2421
2422
2423
2424
2425
2426
2427
2428
2429,0.000146381
2430,0.048555685
2431,0.189705577
2432,0.382475765
2433,0.535187143
2434,0.631902832
2435,0.677440399
2436,0.685787526
2437,0.654198804
2438,0.574492822
2439,0.458260618
2440,0.310553996
2441,0.152576282
2442,0.027632462
2443
2444
2445
2446
2447
2448
2449
2450
2451
2452
2453
2454,0.031793609
2455,0.095586812
2456,0.16955124
2457,0.25562813
2458,0.319408088
2459,0.38141192
2460,0.400376218
2461,0.427493037
2462,0.425202619
2463,0.358592671
2464,0.254455551
2465,0.129244458
2466,0.022356269
2467
2468
2469
2470
2471
2472
2473
2474
2475
2476
2477,0.000497383
2478,0.053073215
2479,0.162134771
2480,0.326485304
2481,0.476363382
2482,0.55582305
2483,0.559873757
2484,0.507804529
2485,0.425456155
2486,0.318895396
2487,0.202549596
2488,0.10676921
2489,0.045636136
2490,0.007314726
2491
2492
2493
2494
2495
2496
2497
2498
2499
2500
2501
2502,0.020775858
2503,0.07617915
2504,0.220914961
2505,0.382810329
2506,0.4844701
2507,0.545302264
2508,0.553982661
2509,0.523370868
2510,0.473032888
2511,0.389866804
2512,0.27660795
2513,0.140128379
2514,0.03019229
2515
2516
2517
2518
2519
2520
2521
2522
2523
2524
2525
2526,0.026531677
2527,0.067447563
2528,0.127863271
2529,0.215818318
2530,0.284845218
2531,0.319464201
2532,0.326074867
2533,0.315356219
2534,0.321530649
2535,0.274327138
2536,0.186138293
2537,0.077986087
2538,0.011740767
2539
2540
2541
2542
2543
2544
2545
2546
2547
2548
2549,0.00161001
2550,0.05757024
2551,0.154237433
2552,0.243818787
2553,0.312023842
2554,0.367236278
2555,0.344017977
2556,0.339189177
2557,0.427824123
2558,0.474468846
2559,0.367725102
2560,0.218095318
2561,0.098312428
2562,0.020264321
2563
2564
2565
2566
2567
2568
2569
2570
2571
2572
2573,0.001605737
2574,0.05168077
2575,0.138716927
2576,0.227829731
2577,0.312717181
2578,0.311397119
2579,0.323290703
2580,0.31574461
2581,0.290807652
2582,0.264693864
2583,0.223824165
2584,0.132205004
2585,0.056698397
2586,0.009990691
2587
2588
2589
2590
2591
2592
2593
2594
2595
2596
2597,0.000465277
2598,0.043070504
2599,0.139714042
2600,0.278555803
2601,0.400170019
2602,0.498377266
2603,0.533746236
2604,0.56190946
2605,0.538528597
2606,0.467684843
2607,0.358484987
2608,0.233237432
2609,0.111711025
2610,0.026862193
2611
2612
2613
2614
2615
2616
2617
2618
2619
2620
2621,0.007970134
2622,0.105929697
2623,0.258070376
2624,0.419960682
2625,0.549729309
2626,0.639538797
2627,0.668557628
2628,0.672516653
2629,0.644847663
2630,0.578504669
2631,0.468034313
2632,0.318867042
2633,0.157527611
2634,0.038502661
2635
2636
2637
2638
2639
2640
2641
2642
2643
2644
2645,0.008781851
2646,0.10962535
2647,0.270698753
2648,0.439994425
2649,0.579694981
2650,0.676699606
2651,0.732183412
2652,0.741754136
2653,0.708614276
2654,0.633305526
2655,0.516998568
2656,0.367038483
2657,0.20444396
2658,0.06143909
2659
2660
2661
2662
2663
2664
2665
2666
2667
2668
2669,0.014539332
2670,0.128739224
2671,0.288380329
2672,0.449320406
2673,0.580740943
2674,0.672697424
2675,0.722299418
2676,0.72954004
2677,0.696327151
2678,0.622202701
2679,0.508452724
2680,0.36157917
2681,0.201880169
2682,0.061733659
2683
2684
2685
2686
2687
2688
2689
2690
2691
2692
2693,0.011033719
2694,0.101926289
2695,0.229313279
2696,0.354675741
2697,0.432588511
2698,0.457011771
2699,0.486988749
2700,0.492594349
2701,0.462826093
2702,0.39444375
2703,0.298138818
2704,0.191191151
2705,0.092532194
2706,0.021123381
2707
2708
2709
2710
2711
2712
2713
2714
2715
2716
2717,0.001883639
2718,0.038400956
2719,0.103775733
2720,0.178963015
2721,0.246660837
2722,0.298011315
2723,0.312065849
2724,0.284539952
2725,0.247098426
2726,0.201478061
2727,0.153591887
2728,0.106732934
2729,0.054823197
2730,0.015021923
2731
2732
2733
2734
2735
2736
2737
2738
2739
2740
2741,0.008002511
2742,0.094127385
2743,0.260738773
2744,0.355315974
2745,0.4511063
2746,0.491847782
2747,0.510368605
2748,0.495511455
2749,0.437457129
2750,0.346536908
2751,0.244287344
2752,0.154428388
2753,0.074746085
2754,0.018826702
2755
2756
2757
2758
2759
2760
2761
2762
2763
2764
2765,0.004123983
2766,0.05686407
2767,0.188086242
2768,0.307290034
2769,0.388687216
2770,0.455953765
2771,0.478844879
2772,0.453609854
2773,0.415416023
2774,0.356461033
2775,0.298872961
2776,0.217209491
2777,0.115697427
2778,0.02950657
2779
2780
2781
2782
2783
2784
2785
2786
2787
2788
2789,0.003313227
2790,0.043822025
2791,0.121153278
2792,0.21686343
2793,0.311821959
2794,0.378635223
2795,0.405428385
2796,0.394212244
2797,0.358475622
2798,0.301704438
2799,0.234967353
2800,0.157513512
2801,0.085133348
2802,0.023980778
2803
2804
2805
2806
2807
2808
2809
2810
2811
2812
2813,0.004574
2814,0.058874832
2815,0.191697399
2816,0.32712703
2817,0.400535275
2818,0.418476523
2819,0.424408431
2820,0.419306093
2821,0.398251285
2822,0.353365654
2823,0.273975706
2824,0.199886889
2825,0.118635617
2826,0.040662586
2827
2828
2829
2830
2831
2832
2833
2834
2835
2836
2837,0.017111776
2838,0.112605668
2839,0.25225585
2840,0.37015561
2841,0.409954966
2842,0.477547167
2843,0.507647365
2844,0.506130783
2845,0.472231692
2846,0.405699107
2847,0.331847137
2848,0.232765703
2849,0.136052139
2850,0.048627893
2851,0.000241845
2852
2853
2854
2855
2856
2857
2858
2859
2860
2861,0.027418877
2862,0.142953175
2863,0.301536913
2864,0.459571025
2865,0.575499402
2866,0.646186025
2867,0.697410611
2868,0.711262337
2869,0.682885288
2870,0.610697143
2871,0.497704483
2872,0.356557831
2873,0.203495393
2874,0.07141864
2875,0.000486173
2876
2877
2878
2879
2880
2881
2882
2883
2884
2885,0.02442899
2886,0.128870123
2887,0.273270577
2888,0.424600549
2889,0.554536874
2890,0.642801769
2891,0.681519549
2892,0.664171536
2893,0.608076604
2894,0.517839198
2895,0.392762691
2896,0.246339421
2897,0.120083289
2898,0.034728063
2899
2900
2901
2902
2903
2904
2905
2906
2907
2908
2909,0.005538503
2910,0.042793695
2911,0.103286194
2912,0.168990935
2913,0.23239125
2914,0.29100552
2915,0.346338978
2916,0.35488411
2917,0.305661112
2918,0.237502194
2919,0.169667649
2920,0.112328046
2921,0.059679069
2922,0.019177163
2923,0.000362768
2924
2925
2926
2927
2928
2929
2930
2931
2932
2933,0.020315966
2934,0.106116295
2935,0.2430704
2936,0.379293548
2937,0.497871346
2938,0.59525101
2939,0.651888444
2940,0.66289393
2941,0.637005161
2942,0.569732191
2943,0.468530674
2944,0.338938497
2945,0.192955427
2946,0.07355646
2947,0.001659262
2948
2949
2950
2951
2952
2953
2954
2955
2956
2957,0.025974367
2958,0.120969741
2959,0.255015455
2960,0.398662138
2961,0.517786873
2962,0.557200333
2963,0.535826014
2964,0.50118524
2965,0.438709035
2966,0.337714032
2967,0.218924347
2968,0.123779006
2969,0.063768036
2970,0.022184873
2971,0.000483691
2972
2973
2974
2975
2976
2977
2978
2979
2980
2981,0.025965465
2982,0.125783451
2983,0.279740238
2984,0.437829543
2985,0.565455715
2986,0.659708404
2987,0.713556347
2988,0.724005643
2989,0.69138501
2990,0.615300104
2991,0.499137187
2992,0.357890955
2993,0.207941146
2994,0.080364816
2995,0.00320425
2996
2997
2998
2999
3000
3001
3002
3003
3004
3005,0.031263748
3006,0.138991133
3007,0.292340498
3008,0.440275152
3009,0.563421219
3010,0.65594679
3011,0.705651726
3012,0.713565014
3013,0.682861433
3014,0.615770387
3015,0.50797392
3016,0.370105213
3017,0.219852501
3018,0.086240253
3019,0.003599124
3020
3021
3022
3023
3024
3025
3026
3027
3028
3029,0.034626714
3030,0.144343987
3031,0.302021862
3032,0.45380737
3033,0.577857312
3034,0.665087169
3035,0.711039231
3036,0.718397359
3037,0.68818447
3038,0.619297521
3039,0.512342284
3040,0.373556153
3041,0.222733926
3042,0.089515246
3043,0.004471553
3044
3045
3046
3047
3048
3049
3050
3051
3052
3053,0.039105445
3054,0.150464135
3055,0.299752918
3056,0.449138318
3057,0.572661464
3058,0.657852656
3059,0.703563708
3060,0.710683485
3061,0.681558567
3062,0.614564937
3063,0.509920579
3064,0.372270475
3065,0.222024714
3066,0.0902846
3067,0.005183532
3068
3069
3070
3071
3072
3073
3074
3075
3076
3077,0.040520892
3078,0.152352972
3079,0.303104914
3080,0.452625773
3081,0.575259727
3082,0.662706222
3083,0.7076212
3084,0.714067952
3085,0.68159714
3086,0.613619071
3087,0.508440863
3088,0.372203518
3089,0.22330893
3090,0.092271104
3091,0.006037726
3092
3093
3094
3095
3096
3097
3098
3099
3100
3101,0.038721986
3102,0.150328523
3103,0.296454045
3104,0.433730421
3105,0.542624014
3106,0.618074418
3107,0.656272434
3108,0.653958995
3109,0.609212522
3110,0.527938764
3111,0.421762064
3112,0.2998794
3113,0.17622354
3114,0.072531517
3115,0.004761771
3116
3117
3118
3119
3120
3121
3122
3123
3124
3125,0.032186445
3126,0.118490947
3127,0.223693602
3128,0.32520655
3129,0.397135707
3130,0.437804792
3131,0.457737729
3132,0.449377937
3133,0.407015278
3134,0.332186322
3135,0.252672012
3136,0.172071242
3137,0.089090111
3138,0.037820768
3139,0.001994614
3140
3141
3142
3143
3144
3145
3146
3147
3148
3149,0.029911123
3150,0.117936159
3151,0.264736432
3152,0.415386437
3153,0.54115117
3154,0.620549401
3155,0.654625791
3156,0.646670685
3157,0.597578928
3158,0.503361839
3159,0.378892305
3160,0.242567114
3161,0.124925638
3162,0.045114344
3163,0.002691157
3164
3165
3166
3167
3168
3169
3170
3171
3172
3173,0.024334829
3174,0.103974834
3175,0.213675209
3176,0.318646809
3177,0.393107258
3178,0.413418583
3179,0.394906988
3180,0.302531885
3181,0.23315121
3182,0.195085131
3183,0.160712686
3184,0.123832934
3185,0.069686632
3186,0.02513903
3187,0.001377594
3188
3189
3190
3191
3192
3193
3194
3195
3196
3197,0.010442137
3198,0.049289444
3199,0.10895656
3200,0.181362927
3201,0.253698657
3202,0.314548268
3203,0.324746194
3204,0.286445401
3205,0.244257287
3206,0.214935257
3207,0.177402506
3208,0.127859041
3209,0.084869854
3210,0.033912387
3211,0.001946071
3212
3213
3214
3215
3216
3217
3218
3219
3220
3221,0.025679438
3222,0.101175114
3223,0.204297441
3224,0.317782447
3225,0.424443057
3226,0.482475285
3227,0.501640722
3228,0.467913496
3229,0.41644586
3230,0.35592886
3231,0.292498297
3232,0.214425059
3233,0.128290745
3234,0.054504982
3235,0.005427826
3236
3237
3238
3239
3240
3241
3242
3243
3244
3245,0.034272935
3246,0.136042443
3247,0.271355808
3248,0.378086813
3249,0.472816994
3250,0.530179149
3251,0.564234317
3252,0.575355681
3253,0.552801438
3254,0.498046327
3255,0.401543423
3256,0.291310385
3257,0.174327675
3258,0.072883311
3259,0.006581923
3260
3261
3262
3263
3264
3265
3266
3267
3268
3269,0.026045653
3270,0.101496787
3271,0.198113309
3272,0.267708026
3273,0.318819192
3274,0.351307739
3275,0.359837466
3276,0.365615718
3277,0.348546586
3278,0.313619325
3279,0.252456571
3280,0.19278105
3281,0.122796407
3282,0.053626474
3283,0.006468934
3284
3285
3286
3287
3288
3289
3290
3291
3292
3293,0.025807928
3294,0.100163571
3295,0.218584978
3296,0.397337989
3297,0.534547946
3298,0.596594982
3299,0.632576355
3300,0.644478277
3301,0.62467557
3302,0.56058636
3303,0.465041215
3304,0.339175652
3305,0.201404867
3306,0.086902466
3307,0.011535321
3308
3309
3310
3311
3312
3313
3314
3315
3316,0.000283748
3317,0.05095323
3318,0.158467687
3319,0.309470098
3320,0.449586831
3321,0.568621943
3322,0.645070845
3323,0.692957719
3324,0.700286328
3325,0.673151364
3326,0.597133285
3327,0.467114024
3328,0.311201566
3329,0.167696007
3330,0.063759519
3331,0.006478023
3332
3333
3334
3335
3336
3337
3338
3339
3340
3341,0.016931972
3342,0.054150926
3343,0.099141097
3344,0.142715202
3345,0.179994819
3346,0.212773728
3347,0.236269029
3348,0.268248796
3349,0.310815822
3350,0.325271598
3351,0.279839084
3352,0.200885687
3353,0.119586985
3354,0.054231871
3355,0.007327176
3356
3357
3358
3359
3360
3361
3362
3363
3364,0.000102509
3365,0.039799416
3366,0.126702736
3367,0.243247796
3368,0.365618215
3369,0.486997754
3370,0.59333512
3371,0.656539426
3372,0.676093959
3373,0.650831585
3374,0.589455682
3375,0.478817937
3376,0.325141581
3377,0.173369397
3378,0.070760714
3379,0.010328499
3380
3381
3382
3383
3384
3385
3386
3387
3388,0.000283748
3389,0.052677379
3390,0.158677952
3391,0.293187347
3392,0.426068655
3393,0.539115034
3394,0.620675824
3395,0.670454998
3396,0.684380515
3397,0.660272928
3398,0.596218203
3399,0.490137551
3400,0.354470322
3401,0.209735969
3402,0.093745298
3403,0.015689957
3404
3405
3406
3407
3408
3409
3410
3411
3412,0.000386257
3413,0.052023019
3414,0.161621528
3415,0.303136553
3416,0.443296011
3417,0.555531998
3418,0.636218081
3419,0.68245116
3420,0.688161033
3421,0.6544246
3422,0.577769069
3423,0.463704039
3424,0.321952802
3425,0.176480863
3426,0.070027578
3427,0.008582801
3428
3429
3430
3431
3432
3433
3434
3435
3436
3437,0.034621655
3438,0.113302963
3439,0.207063269
3440,0.293947752
3441,0.386118555
3442,0.446266327
3443,0.464199549
3444,0.417785406
3445,0.343159978
3446,0.249925262
3447,0.171349158
3448,0.110842272
3449,0.060365123
3450,0.022029243
3451,0.001590076
3452
3453
3454
3455
3456
3457
3458
3459
3460
3461,0.007486369
3462,0.034273048
3463,0.069245159
3464,0.103978852
3465,0.14184423
3466,0.172689908
3467,0.19318725
3468,0.19787859
3469,0.1935809
3470,0.16466703
3471,0.13840551
3472,0.103920531
3473,0.064767578
3474,0.028541299
3475,0.002700123
3476
3477
3478
3479
3480
3481
3482
3483
3484
3485,0.027600863
3486,0.095280676
3487,0.187801268
3488,0.27299843
3489,0.367176677
3490,0.479494327
3491,0.545265714
3492,0.590367971
3493,0.605488418
3494,0.550971559
3495,0.453623328
3496,0.319179531
3497,0.177715201
3498,0.072033813
3499,0.011270198
3500
3501
3502
3503
3504
3505
3506
3507
3508,0.000918498
3509,0.050191808
3510,0.146478262
3511,0.302677244
3512,0.446271524
3513,0.559798399
3514,0.638275917
3515,0.673824158
3516,0.668120071
3517,0.628309241
3518,0.557450243
3519,0.457432931
3520,0.33200741
3521,0.203567996
3522,0.099313331
3523,0.020872243
3524
3525
3526
3527
3528
3529
3530
3531
3532,0.000670005
3533,0.034515884
3534,0.091817368
3535,0.159948581
3536,0.233437225
3537,0.302858067
3538,0.379535725
3539,0.429059659
3540,0.447901999
3541,0.437768337
3542,0.378403994
3543,0.283732226
3544,0.203743743
3545,0.143687488
3546,0.067015424
3547,0.010876172
3548
3549
3550
3551
3552
3553
3554
3555
3556,0.000386257
3557,0.034508606
3558,0.112888565
3559,0.207295919
3560,0.293332307
3561,0.354050306
3562,0.390556311
3563,0.397712982
3564,0.381062826
3565,0.34630994
3566,0.312386094
3567,0.260735776
3568,0.205921604
3569,0.135026338
3570,0.066523937
3571,0.011652291
3572
3573
3574
3575
3576
3577
3578
3579
3580,0.000541255
3581,0.031210453
3582,0.107589742
3583,0.232528919
3584,0.365516038
3585,0.447052127
3586,0.47399401
3587,0.454305553
3588,0.369626192
3589,0.30400274
3590,0.244797376
3591,0.164390224
3592,0.09393821
3593,0.049626912
3594,0.019292562
3595,0.001716074
3596
3597
3598
3599
3600
3601
3602
3603
3604,0.000146381
3605,0.020865909
3606,0.067329523
3607,0.137249721
3608,0.217449982
3609,0.319518832
3610,0.402808998
3611,0.443035078
3612,0.419289242
3613,0.404018394
3614,0.368843713
3615,0.299363737
3616,0.221353734
3617,0.149618364
3618,0.075417582
3619,0.014431079
3620
3621
3622
3623
3624
3625
3626
3627
3628,0.001424354
3629,0.049738364
3630,0.131492045
3631,0.225178831
3632,0.299555513
3633,0.360637268
3634,0.414999767
3635,0.444920494
3636,0.448768061
3637,0.416208125
3638,0.366160715
3639,0.290375918
3640,0.199711168
3641,0.122690361
3642,0.05292586
3643,0.008999879
3644
3645
3646
3647
3648
3649
3650
3651
3652,0.000283748
3653,0.026925644
3654,0.078011035
3655,0.142422694
3656,0.20811523
3657,0.263328571
3658,0.306604413
3659,0.329411143
3660,0.334578821
3661,0.321234317
3662,0.288433156
3663,0.232502765
3664,0.179345012
3665,0.119509563
3666,0.056754722
3667,0.0107076
3668
3669
3670
3671
3672
3673
3674
3675
3676,0.000205195
3677,0.031726347
3678,0.089818355
3679,0.158737834
3680,0.222080441
3681,0.262840274
3682,0.282538985
3683,0.281777497
3684,0.271520896
3685,0.257722821
3686,0.243842633
3687,0.214690539
3688,0.170152055
3689,0.116412377
3690,0.055860667
3691,0.010697919
3692
3693
3694
3695
3696
3697
3698
3699
3700,0.001184478
3701,0.042888116
3702,0.116357582
3703,0.198543616
3704,0.282407075
3705,0.335055352
3706,0.35816761
3707,0.374162149
3708,0.339418845
3709,0.300247907
3710,0.2668546
3711,0.232468254
3712,0.181334632
3713,0.121071253
3714,0.061912372
3715,0.012789907
3716
3717
3718
3719
3720
3721
3722
3723
3724,0.002085742
3725,0.046659388
3726,0.126970641
3727,0.227545184
3728,0.324767205
3729,0.405354992
3730,0.454913165
3731,0.471891539
3732,0.452466999
3733,0.430925486
3734,0.378042676
3735,0.307847936
3736,0.229289119
3737,0.144718593
3738,0.069599593
3739,0.014264168
3740
3741
3742
3743
3744
3745
3746
3747
3748,0.001956991
3749,0.043347678
3750,0.116104577
3751,0.201989273
3752,0.271047597
3753,0.312189742
3754,0.338927967
3755,0.367670981
3756,0.384040764
3757,0.37550173
3758,0.338328479
3759,0.282971086
3760,0.215434511
3761,0.13686267
3762,0.068314927
3763,0.015199322
3764
3765
3766
3767
3768
3769
3770
3771
3772,0.004218053
3773,0.067350556
3774,0.171803198
3775,0.309954569
3776,0.444497318
3777,0.54420275
3778,0.606388457
3779,0.631887033
3780,0.624129555
3781,0.587046686
3782,0.528577046
3783,0.444996447
3784,0.336880492
3785,0.222115508
3786,0.111400115
3787,0.027816598
3788
3789
3790
3791
3792
3793
3794
3795
3796,0.005115366
3797,0.06974044
3798,0.176252931
3799,0.314335558
3800,0.450320521
3801,0.563199955
3802,0.642416467
3803,0.676760038
3804,0.670396729
3805,0.628675571
3806,0.555724721
3807,0.455517434
3808,0.336354655
3809,0.211895039
3810,0.103016575
3811,0.02510352
3812
3813
3814
3815
3816
3817
3818
3819
3820,0.004278191
3821,0.060015698
3822,0.14299513
3823,0.235647208
3824,0.314514309
3825,0.346660106
3826,0.34799848
3827,0.339102021
3828,0.309123794
3829,0.265409989
3830,0.218430169
3831,0.165249582
3832,0.116905818
3833,0.073174137
3834,0.034063698
3835,0.006518468
3836
3837
3838
3839
3840
3841
3842
3843
3844,0.001356138
3845,0.030222921
3846,0.088298894
3847,0.160757255
3848,0.239015991
3849,0.30617117
3850,0.363953724
3851,0.407413098
3852,0.423513004
3853,0.410428874
3854,0.371598801
3855,0.322472083
3856,0.251001956
3857,0.170548033
3858,0.080729994
3859,0.018634049
3860
3861
3862
3863
3864
3865
3866
3867
3868,0.005125341
3869,0.068424085
3870,0.173484113
3871,0.318999871
3872,0.454250638
3873,0.559960216
3874,0.643028236
3875,0.690114805
3876,0.703902787
3877,0.682634707
3878,0.616759125
3879,0.51796122
3880,0.386405643
3881,0.241239953
3882,0.114053518
3883,0.026726634
3884
3885
3886
3887
3888
3889
3890
3891
3892,0.000532638
3893,0.024703898
3894,0.078909204
3895,0.1493006
3896,0.216996053
3897,0.283201146
3898,0.310734745
3899,0.305882088
3900,0.29507264
3901,0.276225186
3902,0.23389419
3903,0.195855048
3904,0.157870968
3905,0.114500522
3906,0.058033488
3907,0.012811465
3908
3909
3910
3911
3912
3913
3914
3915
3916,0.002557125
3917,0.048245794
3918,0.128091017
3919,0.228482269
3920,0.31006373
3921,0.359916866
3922,0.334241767
3923,0.31617289
3924,0.330437107
3925,0.319956367
3926,0.266029999
3927,0.222149047
3928,0.174694752
3929,0.10492903
3930,0.05163748
3931,0.01133162
3932
3933
3934
3935
3936
3937
3938
3939
3940,0.001486462
3941,0.035764255
3942,0.102625874
3943,0.193853043
3944,0.298887565
3945,0.39173698
3946,0.445316069
3947,0.457239188
3948,0.444895182
3949,0.427059017
3950,0.360466198
3951,0.29373483
3952,0.202936906
3953,0.122339701
3954,0.054790427
3955,0.011180821
3956
3957
3958
3959
3960
3961
3962
3963
3964,0.003426252
3965,0.051075646
3966,0.138110342
3967,0.257112768
3968,0.385312329
3969,0.496566447
3970,0.553358794
3971,0.558222256
3972,0.525692737
3973,0.472067076
3974,0.390444533
3975,0.282284285
3976,0.184395829
3977,0.108146442
3978,0.050257972
3979,0.010249167
3980
3981
3982
3983
3984
3985
3986
3987
3988,0.000120923
3989,0.021843853
3990,0.090649867
3991,0.233269601
3992,0.401332437
3993,0.513856027
3994,0.545188838
3995,0.508342616
3996,0.459578461
3997,0.442457936
3998,0.428496167
3999,0.397240686
4000,0.310572824
4001,0.200933291
4002,0.102149011
4003,0.025851991
4004
4005
4006
4007
4008
4009
4010
4011
4012,0.002137592
4013,0.0379865
4014,0.109040352
4015,0.191106108
4016,0.271297727
4017,0.377321268
4018,0.469729719
4019,0.514994519
4020,0.518251271
4021,0.48249654
4022,0.399399954
4023,0.332695861
4024,0.239994151
4025,0.121009113
4026,0.034143644
4027,0.002745732
4028
4029
4030
4031
4032
4033
4034
4035
4036,0.00100474
4037,0.029525465
4038,0.072387935
4039,0.124108987
4040,0.187512919
4041,0.275890288
4042,0.356751044
4043,0.429832492
4044,0.474585934
4045,0.478663309
4046,0.449179923
4047,0.377180964
4048,0.280949296
4049,0.179106019
4050,0.086739156
4051,0.021418041
4052
4053
4054
4055
4056
4057
4058
4059
4060,0.005023407
4061,0.061299204
4062,0.157451001
4063,0.274543755
4064,0.37453153
4065,0.446411583
4066,0.469958324
4067,0.468886287
4068,0.450267567
4069,0.409765622
4070,0.37136642
4071,0.299718426
4072,0.238415284
4073,0.157733793
4074,0.079604014
4075,0.018264216
4076
4077
4078
4079
4080
4081
4082
4083
4084,0.001280339
4085,0.031237709
4086,0.087176863
4087,0.162318758
4088,0.246313594
4089,0.333101683
4090,0.402764095
4091,0.436253237
4092,0.435798643
4093,0.398827427
4094,0.353833772
4095,0.294867385
4096,0.243969689
4097,0.152404066
4098,0.081896531
4099,0.023302519
4100
4101
4102
4103
4104
4105
4106
4107
4108,0.006096808
4109,0.065040371
4110,0.162797543
4111,0.29749395
4112,0.430529961
4113,0.544095233
4114,0.626767292
4115,0.659857665
4116,0.658752295
4117,0.641104606
4118,0.579631897
4119,0.477374821
4120,0.359580993
4121,0.221649901
4122,0.099430789
4123,0.020701026
4124
4125
4126
4127
4128
4129
4130
4131
4132,0.002720814
4133,0.038557523
4134,0.095049192
4135,0.164848191
4136,0.239619307
4137,0.340448122
4138,0.443245589
4139,0.508049317
4140,0.570325558
4141,0.565743471
4142,0.509443566
4143,0.416429677
4144,0.316355916
4145,0.206027875
4146,0.103653271
4147,0.024731303
4148
4149
4150
4151
4152
4153
4154
4155
4156,0.006466546
4157,0.069943847
4158,0.170644188
4159,0.306325726
4160,0.433491348
4161,0.540202343
4162,0.616286146
4163,0.662601415
4164,0.66833674
4165,0.641506979
4166,0.584870841
4167,0.497870324
4168,0.378551865
4169,0.243142227
4170,0.122124184
4171,0.034380645
4172
4173
4174
4175
4176
4177
4178
4179
4180,0.008444255
4181,0.074096538
4182,0.179083897
4183,0.316260475
4184,0.451186839
4185,0.563040059
4186,0.64198426
4187,0.685011465
4188,0.692638166
4189,0.665690433
4190,0.605089607
4191,0.511258524
4192,0.388459179
4193,0.250830686
4194,0.125942646
4195,0.035966346
4196
4197
4198
4199
4200
4201
4202
4203
4204,0.008702545
4205,0.074929658
4206,0.180141093
4207,0.317092277
4208,0.449726895
4209,0.557452633
4210,0.630620471
4211,0.668565812
4212,0.671367888
4213,0.63989372
4214,0.575242568
4215,0.480254328
4216,0.36074115
4217,0.229961993
4218,0.113962144
4219,0.03032972
4220
4221
4222
4223
4224
4225
4226
4227
4228,0.002233625
4229,0.037192101
4230,0.097682577
4231,0.177911642
4232,0.268112703
4233,0.33537386
4234,0.380644144
4235,0.423068637
4236,0.424212088
4237,0.382395363
4238,0.336116911
4239,0.267452673
4240,0.185805354
4241,0.109103415
4242,0.038347832
4243,0.005222181
4244
4245
4246
4247
4248
4249
4250
4251
4252,0.002038493
4253,0.045032099
4254,0.13429276
4255,0.254775701
4256,0.363338189
4257,0.457054084
4258,0.537812631
4259,0.56988292
4260,0.518928788
4261,0.427618091
4262,0.370008644
4263,0.332980973
4264,0.252713517
4265,0.157953132
4266,0.080718531
4267,0.02011418
4268
4269
4270
4271
4272
4273
4274
4275
4276,0.001464349
4277,0.038117692
4278,0.122172805
4279,0.257934357
4280,0.413721525
4281,0.539967193
4282,0.619016865
4283,0.667420281
4284,0.68431363
4285,0.660592094
4286,0.601596465
4287,0.503664209
4288,0.378115098
4289,0.235902376
4290,0.112750775
4291,0.027898994
4292
4293
4294
4295
4296
4297
4298
4299
4300,0.004163867
4301,0.065478861
4302,0.15916448
4303,0.269622411
4304,0.37321631
4305,0.48989335
4306,0.570533045
4307,0.587270253
4308,0.574111352
4309,0.545116275
4310,0.499846339
4311,0.423527019
4312,0.334457432
4313,0.221031066
4314,0.116981506
4315,0.032247694
4316
4317
4318
4319
4320
4321
4322
4323
4324,0.004400189
4325,0.068981735
4326,0.162824392
4327,0.271652459
4328,0.392307777
4329,0.503063742
4330,0.55769799
4331,0.568958962
4332,0.549030863
4333,0.574635302
4334,0.521231224
4335,0.439366248
4336,0.338570317
4337,0.210975484
4338,0.101051043
4339,0.024192935
4340
4341
4342
4343
4344
4345
4346
4347
4348,0.002634428
4349,0.036382955
4350,0.088925443
4351,0.15426302
4352,0.214484436
4353,0.266291072
4354,0.335983696
4355,0.415139018
4356,0.457369254
4357,0.442754306
4358,0.39622981
4359,0.318872841
4360,0.229299006
4361,0.145720726
4362,0.070713824
4363,0.018575751
4364
4365
4366
4367
4368
4369
4370
4371
4372,0.005074443
4373,0.069037272
4374,0.172545419
4375,0.308932026
4376,0.440983075
4377,0.545977783
4378,0.618790566
4379,0.65812063
4380,0.66623773
4381,0.636627737
4382,0.576570738
4383,0.489852978
4384,0.36969523
4385,0.237925286
4386,0.116969276
4387,0.029902254
4388
4389
4390
4391
4392
4393
4394
4395
4396,0.004307382
4397,0.058389983
4398,0.136089161
4399,0.221234268
4400,0.284911848
4401,0.334918297
4402,0.344328329
4403,0.344051938
4404,0.305334054
4405,0.281894914
4406,0.288662853
4407,0.284261938
4408,0.232791991
4409,0.146642241
4410,0.059190669
4411,0.010753104
4412
4413
4414
4415
4416
4417
4418
4419
4420,0.004796759
4421,0.06597015
4422,0.17165455
4423,0.297062267
4424,0.413311831
4425,0.512789628
4426,0.562958962
4427,0.582289045
4428,0.582951079
4429,0.533338231
4430,0.46699332
4431,0.375107128
4432,0.262763135
4433,0.169441101
4434,0.099234116
4435,0.027642625
4436
4437
4438
4439
4440
4441
4442
4443
4444,0.004476739
4445,0.062484358
4446,0.156315536
4447,0.284329244
4448,0.428588998
4449,0.540047351
4450,0.616191565
4451,0.643925339
4452,0.62852154
4453,0.586909197
4454,0.532888195
4455,0.444167093
4456,0.337937466
4457,0.211615853
4458,0.101657843
4459,0.025678874
4460
4461
4462
4463
4464
4465
4466
4467
4468,0.004267304
4469,0.062766262
4470,0.159423629
4471,0.277305344
4472,0.406680107
4473,0.52439065
4474,0.599245939
4475,0.574647819
4476,0.577008574
4477,0.558478753
4478,0.498395585
4479,0.409892053
4480,0.303988351
4481,0.192343895
4482,0.093177842
4483,0.022339805
4484
4485
4486
4487
4488
4489
4490
4491
4492,0.004304295
4493,0.064266815
4494,0.167193502
4495,0.298618696
4496,0.421264442
4497,0.519521212
4498,0.591280451
4499,0.642719436
4500,0.656190232
4501,0.615535077
4502,0.546732272
4503,0.473102341
4504,0.362170152
4505,0.229178133
4506,0.106875628
4507,0.024367659
4508
4509
4510
4511
4512
4513
4514
4515
4516,0.003504572
4517,0.063373833
4518,0.167140907
4519,0.30541939
4520,0.443723254
4521,0.556961467
4522,0.632600221
4523,0.673000263
4524,0.677694216
4525,0.651457735
4526,0.594857266
4527,0.494969021
4528,0.362797326
4529,0.22618378
4530,0.111648599
4531,0.027683058
4532
4533
4534
4535
4536
4537
4538
4539
4540,0.00477119
4541,0.064665623
4542,0.152225086
4543,0.261152628
4544,0.383048628
4545,0.50251954
4546,0.598919521
4547,0.643056632
4548,0.640698306
4549,0.597052525
4550,0.496823905
4551,0.338709312
4552,0.216602694
4553,0.156963447
4554,0.094269583
4555,0.020814761
4556
4557
4558
4559
4560
4561
4562
4563
4564,0.003042048
4565,0.060522779
4566,0.157941245
4567,0.288528603
4568,0.421327528
4569,0.532487825
4570,0.615860079
4571,0.660324829
4572,0.666852631
4573,0.643375479
4574,0.584985636
4575,0.493619507
4576,0.371160168
4577,0.230737817
4578,0.105554574
4579,0.024364555
4580
4581
4582
4583
4584
4585
4586
4587
4588,0.00336831
4589,0.06407147
4590,0.165283703
4591,0.29337981
4592,0.417447155
4593,0.524885017
4594,0.606585803
4595,0.655363221
4596,0.666462643
4597,0.636908645
4598,0.564304598
4599,0.458011362
4600,0.334448479
4601,0.209463877
4602,0.102546186
4603,0.023359429
4604
4605
4606
4607
4608
4609
4610
4611
4612,0.001845866
4613,0.049885427
4614,0.135261563
4615,0.243212359
4616,0.330087223
4617,0.397430054
4618,0.45185077
4619,0.505683139
4620,0.511772907
4621,0.47009041
4622,0.371685376
4623,0.227345092
4624,0.129210095
4625,0.077664495
4626,0.022485283
4627,0.00264962
4628
4629
4630
4631
4632
4633
4634
4635
4636
4637,0.017641814
4638,0.074062008
4639,0.17668731
4640,0.277549577
4641,0.326846485
4642,0.336622065
4643,0.344112802
4644,0.328242243
4645,0.237092623
4646,0.218146425
4647,0.201161484
4648,0.161889378
4649,0.103124451
4650,0.04632849
4651,0.006503163
4652
4653
4654
4655
4656
4657
4658
4659
4660,0.001244616
4661,0.054264936
4662,0.150110347
4663,0.272023209
4664,0.38444983
4665,0.481026247
4666,0.533718037
4667,0.540760448
4668,0.510097143
4669,0.451961307
4670,0.361558187
4671,0.239687548
4672,0.148421876
4673,0.081014831
4674,0.037217205
4675,0.004570769
4676
4677
4678
4679
4680
4681
4682
4683
4684
4685,0.015633807
4686,0.053051935
4687,0.104077142
4688,0.159769156
4689,0.192663514
4690,0.234960494
4691,0.284743359
4692,0.339292988
4693,0.356967964
4694,0.365349915
4695,0.347882023
4696,0.289355692
4697,0.189550371
4698,0.094435302
4699,0.019070959
4700
4701
4702
4703
4704
4705
4706
4707
4708,0.000910059
4709,0.042547863
4710,0.130128877
4711,0.244902368
4712,0.380605161
4713,0.507662504
4714,0.585552576
4715,0.618012679
4716,0.619702395
4717,0.592085976
4718,0.520931964
4719,0.44772867
4720,0.345110357
4721,0.21101473
4722,0.102464098
4723,0.020329687
4724
4725
4726
4727
4728
4729
4730
4731
4732,0.001630873
4733,0.058967637
4734,0.163625711
4735,0.302055126
4736,0.441991801
4737,0.554434629
4738,0.596569599
4739,0.639977094
4740,0.646647477
4741,0.597524322
4742,0.532581677
4743,0.42521614
4744,0.295589412
4745,0.174811565
4746,0.083667218
4747,0.015254079
4748
4749
4750
4751
4752
4753
4754
4755
4756,0.000102509
4757,0.032975367
4758,0.099616025
4759,0.18559651
4760,0.298613812
4761,0.423822396
4762,0.537605581
4763,0.593098999
4764,0.601475075
4765,0.564188328
4766,0.504192264
4767,0.423680701
4768,0.316709571
4769,0.196929853
4770,0.094967761
4771,0.01697022
4772
4773
4774
4775
4776
4777
4778
4779
4780,0.001098632
4781,0.054545586
4782,0.150841827
4783,0.282639668
4784,0.426489162
4785,0.54270561
4786,0.622166518
4787,0.657924709
4788,0.668207292
4789,0.637461623
4790,0.579367435
4791,0.483934008
4792,0.358005824
4793,0.226296335
4794,0.107306179
4795,0.020254227
4796
4797
4798
4799
4800
4801
4802
4803
4804,0.001484493
4805,0.059823162
4806,0.160594914
4807,0.296938484
4808,0.43272303
4809,0.547275014
4810,0.626694082
4811,0.672264053
4812,0.681427446
4813,0.656857602
4814,0.595605404
4815,0.499690404
4816,0.374556395
4817,0.235524232
4818,0.109004754
4819,0.020125648
4820
4821
4822
4823
4824
4825
4826
4827
4828,0.001123694
4829,0.059649965
4830,0.161181266
4831,0.296864846
4832,0.433139442
4833,0.546395039
4834,0.627779894
4835,0.67124151
4836,0.680022201
4837,0.652358216
4838,0.591097004
4839,0.496055525
4840,0.371512969
4841,0.231634689
4842,0.106389113
4843,0.019025732
4844
4845
4846
4847
4848
4849
4850
4851
4852,0.000146381
4853,0.038007603
4854,0.101128332
4855,0.154350296
4856,0.188664626
4857,0.207626154
4858,0.241819406
4859,0.289212933
4860,0.314887692
4861,0.303494214
4862,0.301469429
4863,0.274272689
4864,0.232574271
4865,0.158840836
4866,0.075680426
4867,0.011319342
4868
4869
4870
4871
4872
4873
4874
4875
4876
4877,0.032877196
4878,0.107667572
4879,0.212613212
4880,0.321988472
4881,0.414619647
4882,0.484127611
4883,0.510544705
4884,0.492765997
4885,0.44214092
4886,0.386656228
4887,0.303766149
4888,0.198536535
4889,0.100903301
4890,0.035169436
4891,0.00264487
4892
4893
4894
4895
4896
4897
4898
4899
4900
4901,0.022455872
4902,0.084727498
4903,0.1711774
4904,0.259640841
4905,0.335673168
4906,0.385304482
4907,0.411665758
4908,0.384832438
4909,0.326003608
4910,0.245977485
4911,0.174010454
4912,0.117552317
4913,0.070693255
4914,0.030671843
4915,0.002953023
4916
4917
4918
4919
4920
4921
4922
4923
4924
4925,0.038296232
4926,0.127908388
4927,0.248845289
4928,0.360620186
4929,0.448374709
4930,0.509984793
4931,0.534557209
4932,0.520677771
4933,0.486731276
4934,0.427769073
4935,0.354318324
4936,0.271125445
4937,0.16534718
4938,0.072409751
4939,0.00809234
4940
4941
4942
4943
4944
4945
4946
4947
4948
4949,0.041600016
4950,0.131334953
4951,0.246895318
4952,0.365522428
4953,0.462407222
4954,0.521258128
4955,0.54995389
4956,0.539495908
4957,0.496189841
4958,0.425764503
4959,0.338570431
4960,0.240010405
4961,0.14705473
4962,0.059150223
4963,0.005685359
4964
4965
4966
4967
4968
4969
4970
4971
4972
4973,0.028224354
4974,0.098641428
4975,0.197030437
4976,0.296705276
4977,0.38093579
4978,0.433009961
4979,0.452366976
4980,0.437965332
4981,0.387283591
4982,0.343888684
4983,0.279624089
4984,0.203449128
4985,0.122631232
4986,0.051017495
4987,0.004981504
4988
4989
4990
4991
4992
4993
4994
4995
4996
4997,0.034173052
4998,0.111904499
4999,0.206473225
5000,0.28257267
5001,0.336157039
5002,0.38359036
5003,0.410492459
5004,0.402189014
5005,0.365405209
5006,0.317116254
5007,0.245240077
5008,0.170943167
5009,0.099942744
5010,0.041892872
5011,0.004243784
5012
5013
5014
5015
5016
5017
5018
5019
5020
5021,0.040159696
5022,0.137477909
5023,0.265865033
5024,0.376906317
5025,0.455336429
5026,0.502395273
5027,0.502880464
5028,0.476477396
5029,0.440632971
5030,0.405174047
5031,0.347832986
5032,0.272232791
5033,0.178504021
5034,0.078984758
5035,0.007738973
5036
5037
5038
5039
5040
5041
5042
5043
5044
5045,0.038787234
5046,0.125574319
5047,0.243063841
5048,0.368508207
5049,0.48724238
5050,0.560940693
5051,0.593549072
5052,0.599936284
5053,0.579057062
5054,0.524030568
5055,0.436788733
5056,0.324651847
5057,0.203529745
5058,0.0883759
5059,0.008734116
5060
5061
5062
5063
5064
5065
5066
5067
5068
5069,0.043226384
5070,0.138097997
5071,0.263039381
5072,0.392766454
5073,0.510567624
5074,0.591220173
5075,0.63255713
5076,0.625026194
5077,0.600014818
5078,0.540563774
5079,0.447479871
5080,0.330201068
5081,0.195702782
5082,0.079540403
5083,0.006541
5084
5085
5086
5087
5088
5089
5090
5091
5092
5093,0.020613547
5094,0.059778337
5095,0.108816199
5096,0.184627048
5097,0.259334896
5098,0.279998569
5099,0.271256338
5100,0.268154571
5101,0.263877226
5102,0.248423225
5103,0.210884154
5104,0.158952377
5105,0.097246797
5106,0.035893385
5107,0.002106303
5108
5109
5110
5111
5112
5113
5114
5115
5116
5117,0.035591774
5118,0.126845771
5119,0.26517772
5120,0.390701148
5121,0.494652651
5122,0.575810599
5123,0.634995586
5124,0.657554958
5125,0.63242546
5126,0.577361977
5127,0.479532379
5128,0.346548296
5129,0.205180206
5130,0.079200706
5131,0.005154854
5132
5133
5134
5135
5136
5137
5138
5139
5140
5141,0.030155862
5142,0.111513898
5143,0.207128854
5144,0.271090885
5145,0.285549432
5146,0.297815603
5147,0.384345677
5148,0.446480511
5149,0.375927975
5150,0.294291097
5151,0.210543894
5152,0.126882074
5153,0.053422788
5154,0.01449745
5155,0.000344354
5156
5157
5158
5159
5160
5161
5162
5163
5164
5165,0.026618094
5166,0.103617192
5167,0.214284399
5168,0.325800039
5169,0.424979322
5170,0.477271405
5171,0.499062659
5172,0.503465139
5173,0.47385676
5174,0.401367379
5175,0.312928838
5176,0.228947862
5177,0.148269362
5178,0.062704479
5179,0.003880613
5180
5181
5182
5183
5184
5185
5186
5187
5188
5189,0.03263064
5190,0.120300686
5191,0.235482575
5192,0.348638012
5193,0.447398786
5194,0.51396962
5195,0.549585555
5196,0.555144867
5197,0.530637177
5198,0.47216768
5199,0.379062127
5200,0.268448783
5201,0.157299743
5202,0.054704193
5203,0.001352037
5204
5205
5206
5207
5208
5209
5210
5211
5212
5213,0.004462837
5214,0.027507542
5215,0.063392101
5216,0.106417399
5217,0.149078178
5218,0.187547278
5219,0.218999427
5220,0.227046152
5221,0.194659411
5222,0.160920266
5223,0.137906149
5224,0.107754092
5225,0.076278445
5226,0.032648698
5227,0.001195777
5228
5229
5230
5231
5232
5233
5234
5235
5236
5237,0.025399329
5238,0.102093772
5239,0.215851082
5240,0.353773738
5241,0.489776037
5242,0.562295616
5243,0.537544836
5244,0.500675088
5245,0.468564733
5246,0.431626418
5247,0.34333
5248,0.252795771
5249,0.15148954
5250,0.056897595
5251,0.001907756
5252
5253
5254
5255
5256
5257
5258
5259
5260,0.000102687
5261,0.034938803
5262,0.136369501
5263,0.276267249
5264,0.420230958
5265,0.541492513
5266,0.630173367
5267,0.678176411
5268,0.688660318
5269,0.660063765
5270,0.593725503
5271,0.491613621
5272,0.358787027
5273,0.21238257
5274,0.082391666
5275,0.003375514
5276
5277
5278
5279
5280
5281
5282
5283
5284
5285,0.035701123
5286,0.138552091
5287,0.277365078
5288,0.416506184
5289,0.534346846
5290,0.619221906
5291,0.663387491
5292,0.668752973
5293,0.63499427
5294,0.559254721
5295,0.456201263
5296,0.325573248
5297,0.181857853
5298,0.067972462
5299,0.002028678
5300
5301
5302
5303
5304
5305
5306
5307
5308
5309,0.00853857
5310,0.043444978
5311,0.09160208
5312,0.161870607
5313,0.257881113
5314,0.339859209
5315,0.417098375
5316,0.432980441
5317,0.408392402
5318,0.358645573
5319,0.304899454
5320,0.210372162
5321,0.114169182
5322,0.033782627
5323,0.00022361
5324
5325
5326
5327
5328
5329
5330
5331
5332
5333,0.012074308
5334,0.081101526
5335,0.194108776
5336,0.306548594
5337,0.371314175
5338,0.370834767
5339,0.373674238
5340,0.401535968
5341,0.380119391
5342,0.359496632
5343,0.313341301
5344,0.226010395
5345,0.126014601
5346,0.046502915
5347,0.000344532
5348
5349
5350
5351
5352
5353
5354
5355
5356
5357,0.027424741
5358,0.127865294
5359,0.270713632
5360,0.420231255
5361,0.529078225
5362,0.605527693
5363,0.655603692
5364,0.66850315
5365,0.644726622
5366,0.577155977
5367,0.464915036
5368,0.316834151
5369,0.159869401
5370,0.043277511
5371
5372
5373
5374
5375
5376
5377
5378
5379
5380
5381,0.004915411
5382,0.041294774
5383,0.093450202
5384,0.148444694
5385,0.19314575
5386,0.229796813
5387,0.256273668
5388,0.280525129
5389,0.305469109
5390,0.305983407
5391,0.288924991
5392,0.22922679
5393,0.132524168
5394,0.045239285
5395,0.000120923
5396
5397
5398
5399
5400
5401
5402
5403
5404
5405,0.019905875
5406,0.113421385
5407,0.245363625
5408,0.390933475
5409,0.519098649
5410,0.60454115
5411,0.657280998
5412,0.670702819
5413,0.644711117
5414,0.573883996
5415,0.474827858
5416,0.343633001
5417,0.197689593
5418,0.069558083
5419,0.000709604
5420
5421
5422
5423
5424
5425
5426
5427
5428
5429,0.02290505
5430,0.124717999
5431,0.260947108
5432,0.399590226
5433,0.516046242
5434,0.597713124
5435,0.631443856
5436,0.627441162
5437,0.590592815
5438,0.521662716
5439,0.425039566
5440,0.295216444
5441,0.159241583
5442,0.052453229
5443,0.000120923
5444
5445
5446
5447
5448
5449
5450
5451
5452
5453,0.015707572
5454,0.103451708
5455,0.231520185
5456,0.365753803
5457,0.477844682
5458,0.55566195
5459,0.594045796
5460,0.584471766
5461,0.548501543
5462,0.480826942
5463,0.389764228
5464,0.270921425
5465,0.150341288
5466,0.047824889
5467,0.000120923
5468
5469
5470
5471
5472
5473
5474
5475
5476
5477,0.020196131
5478,0.122512383
5479,0.2632263
5480,0.408840369
5481,0.529599501
5482,0.613575341
5483,0.660645383
5484,0.664064155
5485,0.625702515
5486,0.553547118
5487,0.443072917
5488,0.301271413
5489,0.166826462
5490,0.051413449
5491,0.000120923
5492
5493
5494
5495
5496
5497
5498
5499
5500
5501,0.015472895
5502,0.101266188
5503,0.232707259
5504,0.368650204
5505,0.499475313
5506,0.592617687
5507,0.65260376
5508,0.667130291
5509,0.640060865
5510,0.574824915
5511,0.471943736
5512,0.339711545
5513,0.194017769
5514,0.063537945
5515,0.000120923
5516
5517
5518
5519
5520
5521
5522
5523
5524
5525,0.01778449
5526,0.119415579
5527,0.255783842
5528,0.398245834
5529,0.521425117
5530,0.608588312
5531,0.648972458
5532,0.644782093
5533,0.597065431
5534,0.501478466
5535,0.376707445
5536,0.236083854
5537,0.111889107
5538,0.025889595
5539
5540
5541
5542
5543
5544
5545
5546
5547
5548
5549,0.008387171
5550,0.081591855
5551,0.197007779
5552,0.329533041
5553,0.47014947
5554,0.573766964
5555,0.621475762
5556,0.622024944
5557,0.593866147
5558,0.530678423
5559,0.434775207
5560,0.305023895
5561,0.16819717
5562,0.046118843
5563
5564
5565
5566
5567
5568
5569
5570
5571
5572
5573,0.005770567
5574,0.080325395
5575,0.20497413
5576,0.350878297
5577,0.465728203
5578,0.534586344
5579,0.546241606
5580,0.466415117
5581,0.348085537
5582,0.237986622
5583,0.144519714
5584,0.073249987
5585,0.029127401
5586,0.00564512
5587
5588
5589
5590
5591
5592
5593
5594
5595
5596
5597,0.002925576
5598,0.060063166
5599,0.179229184
5600,0.339632226
5601,0.471040831
5602,0.551983663
5603,0.595992398
5604,0.599941657
5605,0.556138739
5606,0.490535571
5607,0.398614698
5608,0.278164788
5609,0.143755817
5610,0.037488426
5611
5612
5613
5614
5615
5616
5617
5618
5619
5620
5621,0.008039996
5622,0.088039801
5623,0.194634263
5624,0.338025185
5625,0.486278595
5626,0.591241233
5627,0.642684038
5628,0.655119105
5629,0.630426816
5630,0.564999391
5631,0.453933619
5632,0.315811243
5633,0.162567379
5634,0.044086128
5635
5636
5637
5638
5639
5640
5641
5642
5643
5644
5645,0.008344434
5646,0.105311177
5647,0.246604764
5648,0.395193618
5649,0.519750486
5650,0.609340386
5651,0.656324913
5652,0.664466114
5653,0.634216606
5654,0.565670242
5655,0.459124742
5656,0.322636727
5657,0.1759574
5658,0.049108093
5659
5660
5661
5662
5663
5664
5665
5666
5667
5668
5669,0.008273135
5670,0.107961106
5671,0.248937982
5672,0.394332926
5673,0.51677375
5674,0.604081377
5675,0.652402855
5676,0.661827019
5677,0.633230467
5678,0.566213582
5679,0.461735326
5680,0.326089622
5681,0.179139502
5682,0.049071578
5683
5684
5685
5686
5687
5688
5689
5690
5691
5692
5693,0.008020369
5694,0.108212224
5695,0.255800154
5696,0.405088138
5697,0.529122563
5698,0.615805236
5699,0.66273658
5700,0.670409238
5701,0.640319398
5702,0.572023505
5703,0.466750445
5704,0.330237368
5705,0.181437506
5706,0.049768551
5707
5708
5709
5710
5711
5712
5713
5714
5715
5716
5717,0.006669189
5718,0.105992852
5719,0.249295241
5720,0.399358295
5721,0.522868917
5722,0.608090587
5723,0.653183715
5724,0.659484008
5725,0.627314167
5726,0.558545776
5727,0.452938769
5728,0.316567333
5729,0.16928754
5730,0.042676462
5731
5732
5733
5734
5735
5736
5737
5738
5739
5740
5741,0.005063773
5742,0.101329991
5743,0.242834304
5744,0.390305549
5745,0.510944202
5746,0.596432778
5747,0.643364123
5748,0.651883752
5749,0.622181281
5750,0.554509218
5751,0.449283161
5752,0.313303656
5753,0.166211428
5754,0.039893179
5755
5756
5757
5758
5759
5760
5761
5762
5763
5764
5765,0.001451136
5766,0.05810756
5767,0.168789437
5768,0.292448928
5769,0.394790603
5770,0.463526879
5771,0.495950266
5772,0.511039393
5773,0.490830733
5774,0.440293753
5775,0.370764366
5776,0.26244443
5777,0.136628393
5778,0.027276574
5779
5780
5781
5782
5783
5784
5785
5786
5787
5788
5789,0.000137367
5790,0.038853834
5791,0.120929586
5792,0.223486596
5793,0.301759706
5794,0.347183452
5795,0.376908035
5796,0.389057571
5797,0.410238769
5798,0.400271956
5799,0.340122126
5800,0.239189036
5801,0.110914858
5802,0.019211442
5803
5804
5805
5806
5807
5808
5809
5810
5811
5812
5813,0.001777254
5814,0.084330229
5815,0.227935633
5816,0.375007927
5817,0.490797831
5818,0.588427374
5819,0.64334851
5820,0.644519195
5821,0.607669998
5822,0.54250917
5823,0.4389992
5824,0.304434004
5825,0.159700604
5826,0.034366421
5827
5828
5829
5830
5831
5832
5833
5834
5835
5836
5837,0.001914622
5838,0.089102293
5839,0.232655975
5840,0.383072646
5841,0.514506467
5842,0.604209284
5843,0.651467214
5844,0.657893644
5845,0.625805736
5846,0.552062656
5847,0.443448175
5848,0.303500947
5849,0.155147452
5850,0.030621677
5851
5852
5853
5854
5855
5856
5857
5858
5859
5860
5861,0.000816386
5862,0.080418355
5863,0.214594821
5864,0.357485306
5865,0.471386858
5866,0.554693014
5867,0.598195897
5868,0.590048031
5869,0.55400612
5870,0.47445583
5871,0.362257908
5872,0.228000856
5873,0.108359552
5874,0.01620761
5875
5876
5877
5878
5879
5880
5881
5882
5883
5884
5885,0.000532638
5886,0.074275642
5887,0.20788099
5888,0.356582353
5889,0.484705811
5890,0.577736542
5891,0.62530976
5892,0.638992025
5893,0.610999483
5894,0.541739932
5895,0.430586774
5896,0.290167159
5897,0.141905217
5898,0.022481028
5899
5900
5901
5902
5903
5904
5905
5906
5907
5908
5909
5910,0.046260181
5911,0.148973752
5912,0.250773854
5913,0.335011313
5914,0.407024768
5915,0.467409332
5916,0.493046518
5917,0.482875677
5918,0.432743634
5919,0.333560662
5920,0.208081283
5921,0.088475504
5922,0.0098857
5923
5924
5925
5926
5927
5928
5929
5930
5931
5932
5933,0.000146381
5934,0.062023546
5935,0.172232549
5936,0.259582964
5937,0.288922212
5938,0.264463254
5939,0.238937663
5940,0.251348392
5941,0.275299429
5942,0.235034414
5943,0.146759493
5944,0.080310312
5945,0.036733959
5946,0.003324021
5947
5948
5949
5950
5951
5952
5953
5954
5955
5956
5957
5958,0.046198603
5959,0.142543334
5960,0.267759855
5961,0.416496051
5962,0.507359471
5963,0.539814948
5964,0.544260101
5965,0.520150681
5966,0.440134897
5967,0.333324316
5968,0.200983409
5969,0.086075318
5970,0.008365232
5971
5972
5973
5974
5975
5976
5977
5978
5979
5980
5981
5982,0.052039735
5983,0.169087012
5984,0.311930428
5985,0.450831821
5986,0.55247211
5987,0.6138717
5988,0.641625984
5989,0.620513223
5990,0.541723434
5991,0.432642968
5992,0.284462935
5993,0.13671043
5994,0.016704526
5995
5996
5997
5998
5999
6000
6001
6002
6003
6004
6005
6006,0.063202453
6007,0.204262426
6008,0.357954403
6009,0.49547773
6010,0.589032679
6011,0.637701728
6012,0.645012642
6013,0.613704255
6014,0.541541675
6015,0.430736662
6016,0.289328227
6017,0.138591852
6018,0.014487887
6019
6020
6021
6022
6023
6024
6025
6026
6027
6028
6029
6030,0.06026351
6031,0.201043735
6032,0.358003137
6033,0.488047303
6034,0.578512836
6035,0.624483131
6036,0.627908477
6037,0.589302537
6038,0.509072809
6039,0.391882876
6040,0.253425379
6041,0.114970214
6042,0.009834727
6043
6044
6045
6046
6047
6048
6049
6050
6051
6052
6053
6054,0.059570155
6055,0.199881729
6056,0.350819902
6057,0.473515188
6058,0.555449441
6059,0.605652763
6060,0.614059829
6061,0.581712534
6062,0.509361114
6063,0.39602607
6064,0.259754218
6065,0.112623751
6066,0.007722239
6067
6068
6069
6070
6071
6072
6073
6074
6075
6076
6077
6078,0.04890486
6079,0.180404577
6080,0.328214905
6081,0.436171151
6082,0.523968807
6083,0.567865413
6084,0.561270211
6085,0.510155352
6086,0.425542937
6087,0.319061954
6088,0.200958393
6089,0.084734914
6090,0.004921543
6091
6092
6093
6094
6095
6096
6097
6098
6099
6100
6101
6102,0.047540055
6103,0.181401879
6104,0.32725203
6105,0.443536561
6106,0.527837672
6107,0.56726688
6108,0.560110758
6109,0.510346083
6110,0.429640252
6111,0.319711721
6112,0.199709871
6113,0.079305549
6114,0.003369045
6115
6116
6117
6118
6119
6120
6121
6122
6123
6124
6125
6126,0.047692294
6127,0.186140284
6128,0.338092138
6129,0.464803498
6130,0.555288947
6131,0.604589636
6132,0.613637163
6133,0.581629291
6134,0.509816162
6135,0.399085543
6136,0.259143597
6137,0.112271206
6138,0.005009975
6139
6140
6141
6142
6143
6144
6145
6146
6147
6148
6149
6150,0.047274361
6151,0.188293364
6152,0.340366608
6153,0.466817663
6154,0.55881497
6155,0.608736655
6156,0.618100503
6157,0.587470054
6158,0.516767582
6159,0.407122624
6160,0.266513912
6161,0.117205211
6162,0.004277278
6163
6164
6165
6166
6167
6168
6169
6170
6171
6172
6173
6174,0.046201654
6175,0.187125909
6176,0.340927606
6177,0.468332926
6178,0.558039837
6179,0.607330478
6180,0.615272951
6181,0.583370163
6182,0.510132041
6183,0.398637808
6184,0.258170728
6185,0.109244834
6186,0.003053847
6187
6188
6189
6190
6191
6192
6193
6194
6195
6196
6197
6198,0.042521196
6199,0.185380468
6200,0.340064272
6201,0.468604485
6202,0.560281823
6203,0.606137241
6204,0.608402308
6205,0.566302631
6206,0.470772454
6207,0.335972735
6208,0.186530891
6209,0.065286279
6210,0.000867689
6211
6212
6213
6214
6215
6216
6217
6218
6219
6220
6221
6222,0.014478115
6223,0.086318766
6224,0.1719987
6225,0.260702248
6226,0.374094342
6227,0.47466094
6228,0.470730441
6229,0.363554646
6230,0.289785193
6231,0.225030973
6232,0.127598477
6233,0.040604796
6234,0.00022361
6235
6236
6237
6238
6239
6240
6241
6242
6243
6244
6245
6246,0.003624299
6247,0.039231877
6248,0.090161621
6249,0.130814967
6250,0.149744605
6251,0.155524917
6252,0.148341014
6253,0.125247236
6254,0.096316686
6255,0.064234047
6256,0.033287636
6257,0.008599337
6258
6259
6260
6261
6262
6263
6264
6265
6266
6267
6268
6269
6270,0.003754745
6271,0.036125173
6272,0.085904681
6273,0.14083447
6274,0.192376811
6275,0.22425734
6276,0.229859252
6277,0.209089827
6278,0.172481749
6279,0.132428952
6280,0.082112361
6281,0.026214034
6282,0.000120923
6283
6284
6285
6286
6287
6288
6289
6290
6291
6292
6293
6294,0.004230934
6295,0.042226679
6296,0.090854526
6297,0.13568371
6298,0.162132505
6299,0.168251186
6300,0.161115032
6301,0.152692816
6302,0.128703006
6303,0.09656121
6304,0.05531889
6305,0.01713145
6306
6307
6308
6309
6310
6311
6312
6313
6314
6315
6316
6317
6318,0.01474135
6319,0.100404677
6320,0.227225699
6321,0.359663819
6322,0.464395802
6323,0.51522189
6324,0.530678542
6325,0.509689261
6326,0.434241523
6327,0.32413453
6328,0.19099364
6329,0.061710523
6330
6331
6332
6333
6334
6335
6336
6337
6338
6339
6340
6341
6342,0.025009037
6343,0.153477609
6344,0.330083333
6345,0.477950118
6346,0.573282054
6347,0.623813205
6348,0.629388402
6349,0.591890519
6350,0.510908387
6351,0.390670991
6352,0.239153424
6353,0.085882419
6354,0.000120923
6355
6356
6357
6358
6359
6360
6361
6362
6363
6364
6365
6366,0.025382708
6367,0.158978428
6368,0.32488199
6369,0.470808118
6370,0.575085902
6371,0.620002935
6372,0.626207315
6373,0.599039835
6374,0.527297514
6375,0.410162568
6376,0.258918572
6377,0.097302509
6378
6379
6380
6381
6382
6383
6384
6385
6386
6387
6388
6389
6390,0.016587505
6391,0.12645721
6392,0.252710518
6393,0.34500766
6394,0.39004085
6395,0.391970933
6396,0.373053223
6397,0.353423814
6398,0.313670188
6399,0.243226063
6400,0.148611024
6401,0.049578978
6402
6403
6404
6405
6406
6407
6408
6409
6410
6411
6412
6413
6414,0.020846424
6415,0.152338726
6416,0.310985548
6417,0.457854453
6418,0.551466297
6419,0.60992388
6420,0.623995141
6421,0.587640633
6422,0.511633048
6423,0.393191033
6424,0.242667608
6425,0.086000191
6426,0.000713877
6427
6428
6429
6430
6431
6432
6433
6434
6435
6436
6437
6438,0.018631098
6439,0.151374667
6440,0.321321176
6441,0.466898946
6442,0.562475632
6443,0.615274487
6444,0.625274888
6445,0.592745696
6446,0.514574314
6447,0.39159613
6448,0.23983419
6449,0.084278759
6450,0.000248493
6451
6452
6453
6454
6455
6456
6457
6458
6459
6460
6461
6462,0.01302716
6463,0.134286164
6464,0.287143604
6465,0.424761873
6466,0.51474483
6467,0.56558914
6468,0.563235313
6469,0.511159744
6470,0.424245947
6471,0.298331564
6472,0.163035699
6473,0.045301521
6474,0.000102687
6475
6476
6477
6478
6479
6480
6481
6482
6483
6484
6485
6486,0.007377072
6487,0.100264645
6488,0.239541183
6489,0.381167611
6490,0.488037189
6491,0.541041371
6492,0.547533657
6493,0.506828096
6494,0.430408954
6495,0.322275573
6496,0.176607662
6497,0.050698754
6498
6499
6500
6501
6502
6503
6504
6505
6506
6507
6508
6509
6510,0.007826911
6511,0.110843536
6512,0.259469763
6513,0.380991251
6514,0.484669632
6515,0.547939151
6516,0.542447565
6517,0.497477589
6518,0.427136999
6519,0.299617093
6520,0.148301703
6521,0.034814043
6522,0.00036525
6523
6524
6525
6526
6527
6528
6529
6530
6531
6532
6533
6534,0.003426396
6535,0.068592831
6536,0.178723756
6537,0.295881279
6538,0.400162524
6539,0.478538272
6540,0.522477287
6541,0.514691547
6542,0.460108202
6543,0.356850999
6544,0.217081922
6545,0.070089171
6546
6547
6548
6549
6550
6551
6552
6553
6554
6555
6556
6557
6558,0.007170481
6559,0.125810114
6560,0.286359376
6561,0.414709463
6562,0.4971226
6563,0.541200003
6564,0.547713418
6565,0.512251636
6566,0.421789714
6567,0.290103089
6568,0.1545342
6569,0.03874204
6570
6571
6572
6573
6574
6575
6576
6577
6578
6579
6580
6581
6582,0.002022687
6583,0.057856436
6584,0.148419028
6585,0.228221403
6586,0.306388184
6587,0.385792467
6588,0.430645985
6589,0.407038017
6590,0.331460716
6591,0.205513281
6592,0.083413722
6593,0.010269174
6594
6595
6596
6597
6598
6599
6600
6601
6602
6603
6604
6605
6606,0.000626311
6607,0.042929235
6608,0.131300236
6609,0.217585273
6610,0.294613332
6611,0.349652277
6612,0.354106345
6613,0.322154203
6614,0.279094178
6615,0.209922007
6616,0.12556845
6617,0.0290316
6618
6619
6620
6621
6622
6623
6624
6625
6626
6627
6628
6629
6630,0.000789748
6631,0.035508177
6632,0.091430011
6633,0.179408529
6634,0.302634722
6635,0.424832202
6636,0.446384081
6637,0.387262927
6638,0.302609345
6639,0.186713424
6640,0.085607892
6641,0.01331532
6642
6643
6644
6645
6646
6647
6648
6649
6650
6651
6652
6653
6654
6655,0.018589478
6656,0.065095668
6657,0.127694879
6658,0.190409436
6659,0.238002302
6660,0.222410747
6661,0.209079965
6662,0.198972019
6663,0.16936631
6664,0.114516118
6665,0.025973834
6666
6667
6668
6669
6670
6671
6672
6673
6674
6675
6676
6677
6678,0.001601572
6679,0.093827107
6680,0.283180377
6681,0.434915162
6682,0.519478646
6683,0.538307516
6684,0.524649678
6685,0.483311172
6686,0.399413954
6687,0.282527384
6688,0.154368781
6689,0.027827591
6690
6691
6692
6693
6694
6695
6696
6697
6698
6699
6700
6701
6702
6703,0.016184856
6704,0.057004251
6705,0.100274198
6706,0.136081293
6707,0.153986237
6708,0.165417167
6709,0.175182675
6710,0.164018485
6711,0.11505569
6712,0.05189631
6713,0.006246688
6714
6715
6716
6717
6718
6719
6720
6721
6722
6723
6724
6725
6726
6727,0.028115737
6728,0.103465495
6729,0.241068158
6730,0.351682477
6731,0.408616329
6732,0.373198576
6733,0.370839043
6734,0.296053801
6735,0.205980853
6736,0.091854392
6737,0.010626077
6738
6739
6740
6741
6742
6743
6744
6745
6746
6747
6748
6749
6750
6751,0.031429487
6752,0.104024918
6753,0.213209466
6754,0.304484175
6755,0.352465533
6756,0.367654074
6757,0.34527847
6758,0.288899389
6759,0.20438836
6760,0.101412136
6761,0.012157315
6762
6763
6764
6765
6766
6767
6768
6769
6770
6771
6772
6773
6774
6775,0.035187545
6776,0.119927996
6777,0.264063905
6778,0.41809245
6779,0.477120435
6780,0.46217656
6781,0.400423031
6782,0.321307456
6783,0.223946944
6784,0.114554042
6785,0.012721085
6786
6787
6788
6789
6790
6791
6792
6793
6794
6795
6796
6797
6798
6799,0.038030555
6800,0.126385123
6801,0.276034723
6802,0.434744195
6803,0.47805094
6804,0.445397959
6805,0.39412103
6806,0.330651014
6807,0.228841407
6808,0.108364136
6809,0.010872311
6810
6811
6812
6813
6814
6815
6816
6817
6818
6819
6820
6821
6822
6823,0.027742894
6824,0.098573465
6825,0.196655018
6826,0.275495531
6827,0.280003655
6828,0.270102665
6829,0.265665224
6830,0.209654923
6831,0.130296114
6832,0.050446748
6833,0.003552699
6834
6835
6836
6837
6838
6839
6840
6841
6842
6843
6844
6845
6846
6847,0.023675002
6848,0.095033516
6849,0.194454242
6850,0.351560829
6851,0.419876745
6852,0.452854305
6853,0.450083621
6854,0.393446925
6855,0.276181095
6856,0.133197056
6857,0.011796872
6858
6859
6860
6861
6862
6863
6864
6865
6866
6867
6868
6869
6870
6871,0.028774588
6872,0.121909516
6873,0.284857336
6874,0.455693498
6875,0.553837449
6876,0.56818899
6877,0.522487932
6878,0.420110945
6879,0.272829919
6880,0.113974887
6881,0.0078012
6882
6883
6884
6885
6886
6887
6888
6889
6890
6891
6892
6893
6894
6895,0.032693572
6896,0.16089964
6897,0.320864896
6898,0.429809218
6899,0.463995624
6900,0.429347843
6901,0.358190824
6902,0.265985898
6903,0.178186529
6904,0.068013874
6905,0.002377133
6906
6907
6908
6909
6910
6911
6912
6913
6914
6915
6916
6917
6918
6919,0.01828351
6920,0.080247547
6921,0.163559464
6922,0.23861447
6923,0.233639602
6924,0.226856242
6925,0.225004578
6926,0.206025796
6927,0.160922388
6928,0.084191948
6929,0.003698009
6930
6931
6932
6933
6934
6935
6936
6937
6938
6939
6940
6941
6942
6943,0.03441376
6944,0.139218694
6945,0.296264884
6946,0.464944857
6947,0.537723962
6948,0.549255203
6949,0.521640317
6950,0.444802498
6951,0.324379525
6952,0.173130272
6953,0.009577642
6954
6955
6956
6957
6958
6959
6960
6961
6962
6963
6964
6965
6966
6967,0.01196328
6968,0.06027165
6969,0.122952165
6970,0.179503595
6971,0.198956111
6972,0.181931782
6973,0.150706783
6974,0.109342043
6975,0.063796942
6976,0.021404879
6977
6978
6979
6980
6981
6982
6983
6984
6985
6986
6987
6988
6989
6990
6991,0.00597667
6992,0.044069629
6993,0.092193442
6994,0.145610541
6995,0.212359908
6996,0.259850215
6997,0.280471986
6998,0.239882269
6999,0.167527879
7000,0.057385255
7001,0.000527608
7002
7003
7004
7005
7006
7007
7008
7009
7010
7011
7012
7013
7014
7015,0.007721948
7016,0.064828566
7017,0.209139342
7018,0.31597251
7019,0.38726515
7020,0.397342747
7021,0.387488607
7022,0.301859513
7023,0.186740822
7024,0.064789101
7025,0.000609577
7026
7027
7028
7029
7030
7031
7032
7033
7034
7035
7036
7037
7038
7039,0.00921485
7040,0.060113961
7041,0.138143273
7042,0.245808351
7043,0.332594759
7044,0.337322145
7045,0.268990976
7046,0.19788257
7047,0.119025991
7048,0.047637208
7049,0.000673414
7050
7051
7052
7053
7054
7055
7056
7057
7058
7059
7060
7061
7062
7063,0.00678831
7064,0.052669766
7065,0.125502899
7066,0.242971184
7067,0.354129056
7068,0.395209379
7069,0.370911061
7070,0.2906979
7071,0.174519599
7072,0.060664303
7073,0.00014164
7074
7075
7076
7077
7078
7079
7080
7081
7082
7083
7084
7085
7086
7087,0.020017122
7088,0.111150741
7089,0.213971265
7090,0.292282383
7091,0.32048034
7092,0.322897481
7093,0.30442966
7094,0.254775781
7095,0.169010812
7096,0.071907291
7097,0.001063548
7098
7099
7100
7101
7102
7103
7104
7105
7106
7107
7108
7109
7110
7111,0.016838353
7112,0.098732132
7113,0.195088619
7114,0.296536152
7115,0.393171778
7116,0.423927593
7117,0.402880876
7118,0.330818505
7119,0.20680968
7120,0.073444564
7121,0.000369812
7122
7123
7124
7125
7126
7127
7128
7129
7130
7131
7132
7133
7134
7135,0.010131486
7136,0.085629818
7137,0.194762502
7138,0.253507967
7139,0.27447455
7140,0.316392671
7141,0.329233677
7142,0.256206522
7143,0.131743966
7144,0.032910948
7145
7146
7147
7148
7149
7150
7151
7152
7153
7154
7155
7156
7157
7158
7159,0.005214172
7160,0.050846596
7161,0.14579905
7162,0.26194627
7163,0.310169951
7164,0.250984889
7165,0.16316894
7166,0.091838032
7167,0.04465553
7168,0.011120221
7169
7170
7171
7172
7173
7174
7175
7176
7177
7178
7179
7180
7181
7182
7183,0.002608939
7184,0.039119419
7185,0.109601762
7186,0.206047066
7187,0.276870408
7188,0.313496117
7189,0.316857057
7190,0.24861365
7191,0.142184063
7192,0.033991337
7193,0.00070236
7194
7195
7196
7197
7198
7199
7200
7201
7202
7203
7204
7205
7206
7207,0.011261559
7208,0.0867203
7209,0.222300706
7210,0.358029033
7211,0.426784907
7212,0.428014939
7213,0.399382728
7214,0.322410529
7215,0.186903052
7216,0.059125762
7217,0.000262563
7218
7219
7220
7221
7222
7223
7224
7225
7226
7227
7228
7229
7230
7231,0.008825376
7232,0.091028708
7233,0.19386691
7234,0.306903554
7235,0.401597812
7236,0.428413169
7237,0.425442398
7238,0.341285962
7239,0.175338195
7240,0.047011319
7241,0.000708202
7242
7243
7244
7245
7246
7247
7248
7249
7250
7251
7252
7253
7254
7255,0.001531774
7256,0.034806619
7257,0.087661483
7258,0.157790691
7259,0.242829917
7260,0.346971275
7261,0.377954195
7262,0.32458367
7263,0.217642047
7264,0.078862886
7265,0.000404204
7266
7267
7268
7269
7270
7271
7272
7273
7274
7275
7276
7277
7278
7279,0.013038884
7280,0.103257542
7281,0.244239372
7282,0.381331261
7283,0.439803958
7284,0.43212032
7285,0.389084744
7286,0.303195878
7287,0.19477843
7288,0.078813323
7289,0.000708202
7290
7291
7292
7293
7294
7295
7296
7297
7298
7299
7300
7301
7302
7303,0.009453085
7304,0.086708965
7305,0.222340597
7306,0.41558227
7307,0.519410098
7308,0.536646163
7309,0.501869923
7310,0.416318794
7311,0.289112606
7312,0.128247121
7313
7314
7315
7316
7317
7318
7319
7320
7321
7322
7323
7324
7325
7326
7327,0.012954049
7328,0.123533047
7329,0.278393542
7330,0.424709842
7331,0.505804193
7332,0.524735897
7333,0.49230187
7334,0.395417234
7335,0.247957207
7336,0.085629492
7337
7338
7339
7340
7341
7342
7343
7344
7345
7346
7347
7348
7349
7350
7351,0.000369416
7352,0.026212778
7353,0.093422183
7354,0.193259395
7355,0.246745369
7356,0.261235682
7357,0.243405491
7358,0.192256081
7359,0.116972276
7360,0.033744002
7361
7362
7363
7364
7365
7366
7367
7368
7369
7370
7371
7372
7373
7374
7375,0.000780267
7376,0.040803977
7377,0.121525564
7378,0.264286793
7379,0.403273868
7380,0.457874144
7381,0.431523913
7382,0.353323806
7383,0.230385919
7384,0.074597936
7385
7386
7387
7388
7389
7390
7391
7392
7393
7394
7395
7396
7397
7398
7399,0.00403127
7400,0.068154008
7401,0.160390099
7402,0.240504401
7403,0.31650821
7404,0.357131573
7405,0.328415744
7406,0.224090095
7407,0.110587227
7408,0.024569247
7409
7410
7411
7412
7413
7414
7415
7416
7417
7418
7419
7420
7421
7422
7423,0.000146381
7424,0.020910674
7425,0.06983842
7426,0.160071827
7427,0.261363927
7428,0.311796784
7429,0.27663292
7430,0.194185168
7431,0.096956185
7432,0.01531196
7433
7434
7435
7436
7437
7438
7439
7440
7441
7442
7443
7444
7445
7446
7447
7448,0.011567639
7449,0.039388247
7450,0.062597601
7451,0.079525262
7452,0.093842739
7453,0.088340303
7454,0.062552343
7455,0.031045449
7456,0.004834513
7457
7458
7459
7460
7461
7462
7463
7464
7465
7466
7467
7468
7469
7470
7471,0.00014164
7472,0.036993422
7473,0.108679556
7474,0.176590118
7475,0.22589292
7476,0.234487583
7477,0.192554694
7478,0.132109677
7479,0.068114146
7480,0.01341464
7481
7482
7483
7484
7485
7486
7487
7488
7489
7490
7491
7492
7493
7494
7495,0.001313083
7496,0.066134463
7497,0.188631873
7498,0.325317328
7499,0.377822136
7500,0.37002227
7501,0.320687195
7502,0.235150454
7503,0.136052997
7504,0.029249419
7505
7506
7507
7508
7509
7510
7511
7512
7513
7514
7515
7516
7517
7518
7519,0.000785008
7520,0.069816288
7521,0.214387109
7522,0.354166247
7523,0.418346675
7524,0.399267012
7525,0.346056002
7526,0.257012784
7527,0.127610692
7528,0.015980982
7529
7530
7531
7532
7533
7534
7535
7536
7537
7538
7539
7540
7541
7542
7543
7544,0.011872883
7545,0.033593387
7546,0.057900006
7547,0.08875076
7548,0.116560324
7549,0.120993838
7550,0.105809263
7551,0.065775157
7552,0.011030823
7553
7554
7555
7556
7557
7558
7559
7560
7561
7562
7563
7564
7565
7566
7567
7568,0.00704295
7569,0.025810463
7570,0.048941678
7571,0.074510993
7572,0.095603585
7573,0.09825074
7574,0.081877171
7575,0.041161733
7576,0.004943293
7577
7578
7579
7580
7581
7582
7583
7584
7585
7586
7587
7588
7589
7590
7591
7592,0.06066229
7593,0.204239962
7594,0.343341823
7595,0.418709
7596,0.420161246
7597,0.374339167
7598,0.276004863
7599,0.151482646
7600,0.026727316
7601
7602
7603
7604
7605
7606
7607
7608
7609
7610
7611
7612
7613
7614
7615,0.000292762
7616,0.056849973
7617,0.1593112
7618,0.23843318
7619,0.284523316
7620,0.297508861
7621,0.284787173
7622,0.235020806
7623,0.144349711
7624,0.022056697
7625
7626
7627
7628
7629
7630
7631
7632
7633
7634
7635
7636
7637
7638
7639,0.000678622
7640,0.10962833
7641,0.307450024
7642,0.444478031
7643,0.52171447
7644,0.540702771
7645,0.503364148
7646,0.410269932
7647,0.262138046
7648,0.044851941
7649
7650
7651
7652
7653
7654
7655
7656
7657
7658
7659
7660
7661
7662
7663,0.000248493
7664,0.045398622
7665,0.150711848
7666,0.234810377
7667,0.28171826
7668,0.265182285
7669,0.185883241
7670,0.099746527
7671,0.039121639
7672,0.002770463
7673
7674
7675
7676
7677
7678
7679
7680
7681
7682
7683
7684
7685
7686
7687
7688,0.00358143
7689,0.020300039
7690,0.041049991
7691,0.05757059
7692,0.059812461
7693,0.048531535
7694,0.031891191
7695,0.011884871
7696
7697
7698
7699
7700
7701
7702
7703
7704
7705
7706
7707
7708
7709
7710
7711
7712,0.008483376
7713,0.038609197
7714,0.084678508
7715,0.133795646
7716,0.152027074
7717,0.15346534
7718,0.125523957
7719,0.06719654
7720,0.006272079
7721
7722
7723
7724
7725
7726
7727
7728
7729
7730
7731
7732
7733
7734
7735
7736,0.041843168
7737,0.134376924
7738,0.218156118
7739,0.259726115
7740,0.256085809
7741,0.201835801
7742,0.120904574
7743,0.052590158
7744,0.002446321
7745
7746
7747
7748
7749
7750
7751
7752
7753
7754
7755
7756
7757
7758
7759
7760,0.005488097
7761,0.02487735
7762,0.040197235
7763,0.051360677
7764,0.051609695
7765,0.045259132
7766,0.03356863
7767,0.017819029
7768,0.001177823
7769
7770
7771
7772
7773
7774
7775
7776
7777
7778
7779
7780
7781
7782
7783
7784,0.03010161
7785,0.175909942
7786,0.33933483
7787,0.426773976
7788,0.443602997
7789,0.409878572
7790,0.327881608
7791,0.192136927
7792,0.018096621
7793
7794
7795
7796
7797
7798
7799
7800
7801
7802
7803
7804
7805
7806
7807
7808,0.06369284
7809,0.199577867
7810,0.329780313
7811,0.397385998
7812,0.388283051
7813,0.32922063
7814,0.220426276
7815,0.102816012
7816,0.005008187
7817
7818
7819
7820
7821
7822
7823
7824
7825
7826
7827
7828
7829
7830
7831
7832,0.045476033
7833,0.144965909
7834,0.205207808
7835,0.224714336
7836,0.212957865
7837,0.174865892
7838,0.119382549
7839,0.058306527
7840,0.003385248
7841
7842
7843
7844
7845
7846
7847
7848
7849
7850
7851
7852
7853
7854
7855
7856,0.026856822
7857,0.115973192
7858,0.255216558
7859,0.358830204
7860,0.363718906
7861,0.306658963
7862,0.210791607
7863,0.092353731
7864,0.004231759
7865
7866
7867
7868
7869
7870
7871
7872
7873
7874
7875
7876
7877
7878
7879
7880,0.014686718
7881,0.067826095
7882,0.136099519
7883,0.196168979
7884,0.23802391
7885,0.2198596
7886,0.163301821
7887,0.082525107
7888,0.00338783
7889
7890
7891
7892
7893
7894
7895
7896
7897
7898
7899
7900
7901
7902
7903
7904,0.007795354
7905,0.040001718
7906,0.079590084
7907,0.121449354
7908,0.145591435
7909,0.152711321
7910,0.117948348
7911,0.050975467
7912,0.000957919
7913
7914
7915
7916
7917
7918
7919
7920
7921
7922
7923
7924
7925
7926
7927
7928,0.006158923
7929,0.039924954
7930,0.078204066
7931,0.114210985
7932,0.119025548
7933,0.102217275
7934,0.061038338
7935,0.019580969
7936
7937
7938
7939
7940
7941
7942
7943
7944
7945
7946
7947
7948
7949
7950
7951
7952,0.00269169
7953,0.027672358
7954,0.08334039
7955,0.155804477
7956,0.18565098
7957,0.163013651
7958,0.117351007
7959,0.045440078
7960,0.000486173
7961
7962
7963
7964
7965
7966
7967
7968
7969
7970
7971
7972
7973
7974
7975
7976,0.045754801
7977,0.214109342
7978,0.393776103
7979,0.465816906
7980,0.465289127
7981,0.413649339
7982,0.315498747
7983,0.171674084
7984,0.007619071
7985
7986
7987
7988
7989
7990
7991
7992
7993
7994
7995
7996
7997
7998
7999
8000,0.071875407
8001,0.26481241
8002,0.406479073
8003,0.484088717
8004,0.501163131
8005,0.462631813
8006,0.368040784
8007,0.21961115
8008,0.010000053
8009
8010
8011
8012
8013
8014
8015
8016
8017
8018
8019
8020
8021
8022
8023
8024,0.056087146
8025,0.194951434
8026,0.335413905
8027,0.407746291
8028,0.403808144
8029,0.340292313
8030,0.226675867
8031,0.104173256
8032,0.002907363
8033
8034
8035
8036
8037
8038
8039
8040
8041
8042
8043
8044
8045
8046
8047
8048,0.018122862
8049,0.082716913
8050,0.151192083
8051,0.217082495
8052,0.233956179
8053,0.23617829
8054,0.214802698
8055,0.120444367
8056,0.0040699
8057
8058
8059
8060
8061
8062
8063
8064
8065
8066
8067
8068
8069
8070
8071
8072,0.01414369
8073,0.062857147
8074,0.109405628
8075,0.144973243
8076,0.166302905
8077,0.172709583
8078,0.137900726
8079,0.069009287
8080,0.000365072
8081
8082
8083
8084
8085
8086
8087
8088
8089
8090
8091
8092
8093
8094
8095
8096,0.053007563
8097,0.203921726
8098,0.363894941
8099,0.44771349
8100,0.487368116
8101,0.45429977
8102,0.359923411
8103,0.208645035
8104,0.00597823
8105
8106
8107
8108
8109
8110
8111
8112
8113
8114
8115
8116
8117
8118
8119
8120,0.04039378
8121,0.190963838
8122,0.337796496
8123,0.42645645
8124,0.451434988
8125,0.412231762
8126,0.313640893
8127,0.15343793
8128,0.003283919
8129
8130
8131
8132
8133
8134
8135
8136
8137
8138
8139
8140
8141
8142
8143
8144,0.032581378
8145,0.150314039
8146,0.275079117
8147,0.356213501
8148,0.388367849
8149,0.368873275
8150,0.2874521
8151,0.144235174
8152,0.002754909
8153
8154
8155
8156
8157
8158
8159
8160
8161
8162
8163
8164
8165
8166
8167
8168,0.03063388
8169,0.143023581
8170,0.265209831
8171,0.363690314
8172,0.417525267
8173,0.403280267
8174,0.318953492
8175,0.167110384
8176,0.002741414
8177
8178
8179
8180
8181
8182
8183
8184
8185
8186
8187
8188
8189
8190
8191
8192,0.023687386
8193,0.104289921
8194,0.189190869
8195,0.246165791
8196,0.279247607
8197,0.285639697
8198,0.233734242
8199,0.117418262
8200,0.001878603
8201
8202
8203
8204
8205
8206
8207
8208
8209
8210
8211
8212
8213
8214
8215
8216,0.035367896
8217,0.185059887
8218,0.334518972
8219,0.419917822
8220,0.441805101
8221,0.402387545
8222,0.303328162
8223,0.147231465
8224,0.001839649
8225
8226
8227
8228
8229
8230
8231
8232
8233
8234
8235
8236
8237
8238
8239
8240,0.034517833
8241,0.122569149
8242,0.160869503
8243,0.163832974
8244,0.146110796
8245,0.107599343
8246,0.066385998
8247,0.023393936
8248
8249
8250
8251
8252
8253
8254
8255
8256
8257
8258
8259
8260
8261
8262
8263
8264,0.041114215
8265,0.17240005
8266,0.294280414
8267,0.382910576
8268,0.405887571
8269,0.376040129
8270,0.286700931
8271,0.141837627
8272,0.001570438
8273
8274
8275
8276
8277
8278
8279
8280
8281
8282
8283
8284
8285
8286
8287
8288,0.007490456
8289,0.037605908
8290,0.062579073
8291,0.077358645
8292,0.077725597
8293,0.060967495
8294,0.035725695
8295,0.010617864
8296
8297
8298
8299
8300
8301
8302
8303
8304
8305
8306
8307
8308
8309
8310
8311
8312,0.002219013
8313,0.030041215
8314,0.06324458
8315,0.086499698
8316,0.090037991
8317,0.075591088
8318,0.050703253
8319,0.018196715
8320
8321
8322
8323
8324
8325
8326
8327
8328
8329
8330
8331
8332
8333
8334
8335
8336,0.023301497
8337,0.107147031
8338,0.192812802
8339,0.255169633
8340,0.279234567
8341,0.256501221
8342,0.176143163
8343,0.062808231
8344,0.000283281
8345
8346
8347
8348
8349
8350
8351
8352
8353
8354
8355
8356
8357
8358
8359
8360,0.005566701
8361,0.040476743
8362,0.079145202
8363,0.106269611
8364,0.112949899
8365,0.098795734
8366,0.066809305
8367,0.024699754
8368,0.00014164
8369
8370
8371
8372
8373
8374
8375
8376
8377
8378
8379
8380
8381
8382
8383
8384,0.016811402
8385,0.099922707
8386,0.198763527
8387,0.285316957
8388,0.331457618
8389,0.318171286
8390,0.247876974
8391,0.109686192
8392,0.000283281
8393
8394
8395
8396
8397
8398
8399
8400
8401
8402
8403
8404
8405
8406
8407
8408,0.037898838
8409,0.176746596
8410,0.311882592
8411,0.396299683
8412,0.42075818
8413,0.394009231
8414,0.298357332
8415,0.142020115
8416,0.000531774
8417
8418
8419
8420
8421
8422
8423
8424
8425
8426
8427
8428
8429
8430
8431
8432,0.012154769
8433,0.083954211
8434,0.15976397
8435,0.196843148
8436,0.200021368
8437,0.171787009
8438,0.11729675
8439,0.043630977
8440
8441
8442
8443
8444
8445
8446
8447
8448
8449
8450
8451
8452
8453
8454
8455
8456,0.018171908
8457,0.093546552
8458,0.154380383
8459,0.155780355
8460,0.120078677
8461,0.072249743
8462,0.035996364
8463,0.009477836
8464
8465
8466
8467
8468
8469
8470
8471
8472
8473
8474
8475
8476
8477
8478
8479
8480,0.016876275
8481,0.128556383
8482,0.293879151
8483,0.384160142
8484,0.415923786
8485,0.379077379
8486,0.276721888
8487,0.119360841
8488,0.000283281
8489
8490
8491
8492
8493
8494
8495
8496
8497
8498
8499
8500
8501
8502
8503
8504,0.027454537
8505,0.17671581
8506,0.349682998
8507,0.442654512
8508,0.458559394
8509,0.414622969
8510,0.308679718
8511,0.13412526
8512,0.00014164
8513
8514
8515
8516
8517
8518
8519
8520
8521
8522
8523
8524
8525
8526
8527
8528,0.014912584
8529,0.087709446
8530,0.171848743
8531,0.237605173
8532,0.267886393
8533,0.246888453
8534,0.173811962
8535,0.06624819
8536,0.000283281
8537
8538
8539
8540
8541
8542
8543
8544
8545
8546
8547
8548
8549
8550
8551
8552,0.010457778
8553,0.078034413
8554,0.163818978
8555,0.237042901
8556,0.258857226
8557,0.232533316
8558,0.162280721
8559,0.062610534
8560,0.00014164
8561
8562
8563
8564
8565
8566
8567
8568
8569
8570
8571
8572
8573
8574
8575
8576,0.001809891
8577,0.029450215
8578,0.065665764
8579,0.102305883
8580,0.123135038
8581,0.123223026
8582,0.093223311
8583,0.036864952
8584,0.00014164
8585
8586
8587
8588
8589
8590
8591
8592
8593
8594
8595
8596
8597
8598
8599
8600,0.004838399
8601,0.030517867
8602,0.044092649
8603,0.052023622
8604,0.060962336
8605,0.069423678
8606,0.043580639
8607,0.010440119
8608
8609
8610
8611
8612
8613
8614
8615
8616
8617
8618
8619
8620
8621
8622
8623
8624,0.003414298
8625,0.034334833
8626,0.078775098
8627,0.112429877
8628,0.103092695
8629,0.0760322
8630,0.048276807
8631,0.014008865
8632,0.00014164
8633
8634
8635
8636
8637
8638
8639
8640
8641
8642
8643
8644
8645
8646
8647
8648,0.011996028
8649,0.062562346
8650,0.127369709
8651,0.149724093
8652,0.139153343
8653,0.096945659
8654,0.046552776
8655,0.009016997
8656
8657
8658
8659
8660
8661
8662
8663
8664
8665
8666
8667
8668
8669
8670
8671
8672,0.01755074
8673,0.107791789
8674,0.179729596
8675,0.218993144
8676,0.225891383
8677,0.189960026
8678,0.120015128
8679,0.030915234
8680,0.00014164
8681
8682
8683
8684
8685
8686
8687
8688
8689
8690
8691
8692
8693
8694
8695
8696,0.005290489
8697,0.054936313
8698,0.125999362
8699,0.174737056
8700,0.179916443
8701,0.185839279
8702,0.139917159
8703,0.044349141
8704,0.000283281
8705
8706
8707
8708
8709
8710
8711
8712
8713
8714
8715
8716
8717
8718
8719
8720,0.018889627
8721,0.110052013
8722,0.224226458
8723,0.330894096
8724,0.389122828
8725,0.365945137
8726,0.277452886
8727,0.123509643
8728,0.000815055
8729
8730
8731
8732
8733
8734
8735
8736
8737
8738
8739
8740
8741
8742
8743
8744,0.070593607
8745,0.256275275
8746,0.394197906
8747,0.464361177
8748,0.475732051
8749,0.430702598
8750,0.326304946
8751,0.156615
8752,0.001428798
8753
8754
8755
8756
8757
8758
8759
8760
