bid,footprint_area,PV_cap_kW,use,free_walls,lat,lon,dist_to_heat_source,year_class,size_class,floors,storey_area,area_corr_factor,heated_area,window_area,dwellings,dwelling_size,occupants,ref_level_roof,ref_level_wall,ref_level_floor,ref_level_window,U,V,C,Tau,Tset,act_start,act_end,hw_demand_day,hw_tank_cap,,,,,,,,,,,
1,130.65,13.065,3,4,48.201,11.506,0,0,0,3,391.96,0.84,329.25,36.97,1,329.25,3,1,2,2,2,610.29,55.97,57055060.88,85634.68,22,0,23,0.14,0.22,,,,,,,,,,,
2,156.78,15.678,3,4,48.201,11.506,0,0,0,3,470.35,0.84,395.1,44.36,1,395.1,5,1,1,2,1,1217.64,67.17,68466073.05,53288.85,22,0,23,0.2,0.3,,,,,,,,,,,
3,188.14,18.814,3,4,48.201,11.506,0,0,0,3,564.42,0.84,474.11,53.23,1,474.11,2,1,1,2,2,1397.29,80.6,82159287.66,55592.22,19,0,23,0.12,0.18,,,,,,,,,,,
4,150.51,15.051,3,4,48.201,11.506,0,0,0,3,451.54,0.84,379.29,42.59,1,379.29,2,1,1,1,1,1321.29,64.48,65727430.15,47430.37,20,0,23,0.26,0.39,,,,,,,,,,,
5,120.41,12.041,3,4,48.201,11.506,0,0,0,3,361.23,0.84,303.43,34.07,1,303.43,1,2,1,2,1,587.48,51.58,52581944.09,82280.09,22,0,23,0.13,0.19,,,,,,,,,,,
6,144.49,14.449,3,4,48.201,11.506,0,0,0,3,433.48,0.84,364.12,40.88,1,364.12,1,2,2,1,2,403.98,61.9,63098332.95,135439.77,21,0,23,0.07,0.11,,,,,,,,,,,
7,109.65,10.965,3,4,48.201,11.506,0,1,0,2,219.31,0.84,184.22,26.23,2,92.11,2,1,1,2,1,601.85,46.98,43848604.04,67581.56,21,0,23,0.19,0.28,,,,,,,,,,,
8,101.81,10.181,3,4,48.213,11.547,0,1,0,2,203.61,0.84,171.03,24.36,1,171.03,1,2,1,1,2,474.01,43.61,40710914.08,78649.97,19,0,23,0.14,0.21,,,,,,,,,,,
9,107.17,10.717,3,4,48.222,11.505,0,1,0,2,214.33,0.84,180.04,25.64,1,180.04,1,1,2,1,1,291.36,45.91,42854690.68,127064.65,22,0,23,0.04,0.05,,,,,,,,,,,
10,93.6,9.36,3,4,48.197,11.549,0,1,0,2,187.21,0.84,157.25,22.39,2,78.63,2,2,1,2,1,439.49,40.1,37430577.11,78047,21,0,23,0.07,0.11,,,,,,,,,,,
11,121.39,12.139,3,4,48.199,11.526,0,1,0,2,242.77,0.84,203.93,29.04,2,101.97,6,2,2,2,2,168.78,52,48541027.99,219863.16,20,0,23,0.17,0.25,,,,,,,,,,,
12,208.58,20.858,3,4,48.215,11.534,0,1,0,2,417.15,0.84,350.41,49.9,2,175.2,5,2,2,2,1,349.88,89.35,83406558.66,189890.6,22,0,23,0.13,0.19,,,,,,,,,,,
13,172.38,17.238,3,4,48.208,11.56,0,1,0,2,344.76,0.84,289.6,41.24,2,144.8,2,1,1,1,1,988.85,73.85,68931939.65,64865.09,18,0,23,0.33,0.5,,,,,,,,,,,
14,93.85,9.385,3,4,48.221,11.519,0,1,0,2,187.69,0.84,157.66,22.45,2,78.83,10,2,2,1,2,153.74,40.2,37527794.87,193499.92,18,0,23,0.07,0.1,,,,,,,,,,,
15,161.89,16.189,3,4,48.214,11.531,0,1,1,2,323.78,0.84,271.98,41.02,1,271.98,1,2,1,2,1,486.21,69.35,50102878.94,90184.53,20,0,23,0.25,0.37,,,,,,,,,,,
16,161.89,16.189,3,4,48.214,11.531,0,1,1,2,323.78,0.84,271.98,41.02,1,271.98,1,1,1,2,1,562.36,69.35,50102878.94,79312.69,19,0,23,0.2,0.3,,,,,,,,,,,
17,161.89,16.189,3,4,48.214,11.531,0,1,1,2,323.78,0.84,271.98,41.02,1,271.98,2,1,1,1,1,562.36,69.35,50102878.94,79312.69,22,0,23,0.15,0.22,,,,,,,,,,,
18,142.4,14.24,3,4,48.202,11.538,0,1,1,2,284.8,0.84,239.23,36.08,2,119.62,2,1,1,1,1,494.65,61,44070505.23,79312.69,22,0,23,0.16,0.24,,,,,,,,,,,
19,63.01,6.301,3,4,48.204,11.538,0,1,1,2,126.03,0.84,105.86,15.97,1,105.86,1,2,1,1,2,171.68,27,19501742.91,98157.42,19,0,23,0.06,0.09,,,,,,,,,,,
20,161.89,16.189,3,4,48.214,11.531,0,1,1,2,323.78,0.84,271.98,41.02,1,271.98,2,1,1,1,1,562.36,69.35,50102878.94,79312.69,20,0,23,0.16,0.25,,,,,,,,,,,
21,161.89,16.189,3,4,48.214,11.531,0,1,1,2,323.78,0.84,271.98,41.02,1,271.98,3,1,1,1,1,562.36,69.35,50102878.94,79312.69,21,0,23,0.16,0.23,,,,,,,,,,,
22,161.89,16.189,3,4,48.214,11.531,0,1,1,2,323.78,0.84,271.98,41.02,2,135.99,2,1,1,1,1,562.36,69.35,50102878.94,79312.69,20,0,23,0.09,0.13,,,,,,,,,,,
23,294.98,29.498,3,4,48.211,11.559,0,1,2,3,884.93,0.84,743.34,130.4,8,92.92,20,1,1,1,1,1557.41,126.37,90074308.15,53495.28,22,0,23,0.27,0.4,,,,,,,,,,,
24,88.47,8.847,3,4,48.219,11.531,0,1,2,3,265.42,0.84,222.96,39.11,2,111.48,1,2,2,2,1,184.85,37.9,27016669.06,121287.71,20,0,23,0.16,0.23,,,,,,,,,,,
25,107.85,10.785,3,4,48.217,11.529,0,1,2,3,323.54,0.84,271.78,47.68,3,90.59,8,1,1,1,1,569.41,46.2,32932455.54,53495.28,22,0,23,0.2,0.3,,,,,,,,,,,
26,166.29,16.629,3,4,48.218,11.528,0,1,2,3,498.88,0.84,419.06,73.51,4,104.77,5,1,2,1,1,512.96,71.24,50779775.9,86921.59,20,0,23,0.22,0.33,,,,,,,,,,,
27,169.1,16.91,3,4,48.214,11.551,0,1,2,3,507.29,0.84,426.12,74.75,4,106.53,13,1,1,1,1,892.79,72.44,51635170.49,53495.28,20,0,23,0.26,0.39,,,,,,,,,,,
28,169.09,16.909,3,4,48.214,11.551,0,1,2,3,507.26,0.84,426.1,74.75,4,106.52,12,1,2,2,1,479.67,72.44,51632257.91,93518.08,22,0,23,0.03,0.05,,,,,,,,,,,
29,279.53,27.953,3,4,48.213,11.529,0,1,2,3,838.6,0.84,704.42,123.57,7,100.63,8,1,1,2,1,1406.6,119.75,85358161.79,55922.99,22,0,23,0.42,0.63,,,,,,,,,,,
30,387.97,38.797,3,4,48.216,11.551,0,1,2,3,1163.92,0.84,977.69,171.51,9,108.63,4,1,1,2,1,1952.27,166.21,118471462.3,55922.99,20,0,23,0.18,0.27,,,,,,,,,,,
31,680.45,68.045,3,4,48.218,11.557,0,1,3,5,3402.25,0.84,2857.89,475.56,19,150.42,54,1,1,1,2,3877.34,291.51,279125371.4,66955.15,19,0,23,1.36,2.05,,,,,,,,,,,
32,751.43,75.143,3,4,48.212,11.558,0,1,3,5,3757.17,0.84,3156.02,525.17,21,150.29,63,2,1,1,2,3486.34,321.91,308242862.7,80940.82,18,0,23,0.82,1.23,,,,,,,,,,,
33,900,90,3,4,48.199,11.498,0,1,3,5,4500,0.84,3780,629,3,1260,1,2,1,1,2,4175.62,385.56,369185877.8,80940.82,19,0,23,1.1,1.65,,,,,,,,,,,
34,831.51,83.151,3,4,48.22,11.551,0,1,3,5,4157.55,0.84,3492.34,581.13,23,151.84,47,2,1,2,1,4349.17,356.22,341090702.9,72489.42,21,0,23,2.75,4.12,,,,,,,,,,,
35,748.77,74.877,3,4,48.219,11.557,0,1,3,5,3743.86,0.84,3144.84,523.31,21,149.75,68,2,2,2,2,1692.61,320.77,307150859.5,152554.9,19,0,23,1.52,2.28,,,,,,,,,,,
36,456.12,45.612,3,4,48.217,11.529,0,1,3,5,2280.62,0.84,1915.72,318.78,6,319.29,6,2,1,1,2,2116.22,195.4,187104751.4,80940.82,21,0,23,1.21,1.81,,,,,,,,,,,
37,900,90,3,4,48.205,11.553,0,1,3,5,4500,0.84,3780,629,25,151.2,25,2,1,1,1,4930.42,385.56,369185877.8,69448.29,22,0,23,2.18,3.27,,,,,,,,,,,
38,475.02,47.502,3,4,48.2,11.534,0,1,3,5,2375.09,0.84,1995.08,331.98,13,153.47,45,1,1,1,1,3105.12,203.5,194855597.1,58893.28,19,0,23,1.26,1.89,,,,,,,,,,,
39,83.82,8.382,3,4,48.216,11.536,0,2,0,2,167.64,0.84,140.81,25.46,1,140.81,1,2,2,2,1,152.36,35.91,35924758.06,190813.22,18,0,23,0.13,0.19,,,,,,,,,,,
40,131.93,13.193,3,4,48.203,11.553,0,2,0,2,263.86,0.84,221.64,40.08,1,221.64,1,2,1,2,1,500.76,56.52,56545358.94,101466.95,22,0,23,0.19,0.28,,,,,,,,,,,
41,200.53,20.053,3,4,48.199,11.522,0,2,0,2,401.07,0.84,336.9,60.92,1,336.9,1,2,1,2,1,761.16,85.91,85949854.2,101466.95,19,0,23,0.19,0.29,,,,,,,,,,,
42,85.61,8.561,3,4,48.213,11.547,0,2,0,2,171.22,0.84,143.82,26.01,2,71.91,4,2,1,2,1,324.94,36.67,36692434.48,101466.95,20,0,23,0.07,0.1,,,,,,,,,,,
43,100.41,10.041,3,4,48.209,11.561,0,2,0,2,200.83,0.84,168.7,30.5,2,84.35,2,1,2,1,2,280.77,43.02,43038104.73,132920.43,19,0,23,0.12,0.18,,,,,,,,,,,
44,148.33,14.833,3,4,48.199,11.525,0,2,0,2,296.67,0.84,249.2,45.06,2,124.6,2,2,2,1,1,300.17,63.55,63576425.29,174798,20,0,23,0.12,0.19,,,,,,,,,,,
45,95.77,9.577,3,4,48.197,11.553,0,2,0,2,191.55,0.84,160.9,29.09,2,80.45,6,2,1,2,1,363.53,41.03,41049462.32,101466.95,22,0,23,0.11,0.17,,,,,,,,,,,
46,170.49,17.049,3,4,48.208,11.561,0,2,0,2,340.99,0.84,286.43,51.79,2,143.22,7,2,2,2,1,309.92,73.04,73074644.5,190813.22,18,0,23,0.16,0.24,,,,,,,,,,,
47,92.54,9.254,3,4,48.216,11.487,0,2,1,2,185.08,0.84,155.47,33.16,2,77.74,6,2,1,2,2,256.66,39.64,31664801.43,106867.35,20,0,23,0.13,0.2,,,,,,,,,,,
48,61.08,6.108,3,4,48.202,11.538,0,2,1,2,122.16,0.84,102.61,21.89,1,102.61,1,1,1,2,1,225.32,26.17,20899696.03,83104.92,21,0,23,0.06,0.08,,,,,,,,,,,
49,93.26,9.326,3,4,48.216,11.489,0,2,1,2,186.52,0.84,156.68,33.42,2,78.34,5,1,1,1,2,293.9,39.95,31910702.41,95582.96,21,0,23,0.04,0.07,,,,,,,,,,,
50,84.14,8.414,3,4,48.203,11.538,0,2,1,2,168.27,0.84,141.35,30.15,1,141.35,1,2,1,1,1,278.57,36.04,28788923.87,91505.87,19,0,23,0.1,0.15,,,,,,,,,,,
51,66.41,6.641,3,4,48.214,11.49,0,2,1,2,132.81,0.84,111.56,23.8,1,111.56,1,2,1,1,1,219.87,28.45,22722475.03,91505.87,18,0,23,0.04,0.06,,,,,,,,,,,
52,51.23,5.123,3,4,48.216,11.544,0,2,1,2,102.46,0.84,86.06,18.36,1,86.06,1,1,1,1,1,188.98,21.95,17528580.67,83104.92,22,0,23,0.06,0.08,,,,,,,,,,,
53,548.76,54.876,3,4,48.201,11.538,0,2,1,2,1097.52,0.84,921.92,196.64,2,460.96,5,2,1,2,1,1816.89,235.09,187768011.3,91505.87,19,0,23,1.07,1.6,,,,,,,,,,,
54,92.5,9.25,3,4,48.216,11.487,0,2,1,2,185,0.84,155.4,33.15,2,77.7,10,1,2,1,1,197.93,39.63,31649960.03,133231.71,21,0,23,0.09,0.14,,,,,,,,,,,
55,145.99,14.599,3,4,48.219,11.555,0,2,2,3,437.96,0.84,367.89,55.09,4,91.97,6,2,1,2,2,564.55,62.54,61114201.08,97456.99,18,0,23,0.2,0.29,,,,,,,,,,,
56,194.98,19.498,3,4,48.215,11.552,0,2,2,3,584.95,0.84,491.36,73.57,5,98.27,9,1,1,1,2,956.3,83.53,81625380.17,78498.84,20,0,23,0.18,0.27,,,,,,,,,,,
57,125.61,12.561,3,4,48.215,11.489,0,2,2,3,376.84,0.84,316.54,47.4,3,105.51,6,2,2,1,1,232.52,53.81,52584446.43,183649.44,20,0,23,0.27,0.41,,,,,,,,,,,
58,398.97,39.897,3,4,48.213,11.55,0,2,2,3,1196.9,0.84,1005.39,150.54,11,91.4,21,2,1,1,1,1730.33,170.92,167017677,87846.41,20,0,23,0.81,1.22,,,,,,,,,,,
59,177.16,17.716,3,4,48.214,11.554,0,2,2,3,531.47,0.84,446.43,66.85,5,89.29,16,2,1,1,1,768.33,75.89,74162393.46,87846.41,19,0,23,0.16,0.24,,,,,,,,,,,
60,199.49,19.949,3,4,48.208,11.551,0,2,2,3,598.48,0.84,502.73,75.28,5,100.55,8,1,1,1,2,978.42,85.46,83513739.35,78498.84,21,0,23,0.25,0.37,,,,,,,,,,,
61,127.7,12.77,3,4,48.208,11.557,0,2,2,3,383.11,0.84,321.81,48.19,3,107.27,6,1,1,1,2,626.33,54.71,53460419.02,78498.84,22,0,23,0.13,0.19,,,,,,,,,,,
62,336.94,33.694,3,4,48.198,11.535,0,2,2,3,1010.81,0.84,849.08,127.14,5,169.82,5,1,2,1,2,814.9,144.34,141050959.4,147043.82,18,0,23,0.48,0.72,,,,,,,,,,,
63,334.1,33.41,3,4,48.214,11.54,0,2,3,4,1336.42,0.84,1122.59,197.57,9,124.73,26,2,1,2,1,1922.05,143.13,175476793.3,84969.12,19,0,23,0.68,1.02,,,,,,,,,,,
64,75.26,7.526,3,4,48.211,11.53,0,3,0,2,150.51,0.84,126.43,14.56,2,63.22,2,2,1,1,2,214.74,32.24,35856593.42,145181.61,22,0,23,0.09,0.14,,,,,,,,,,,
65,77.98,7.798,3,4,48.212,11.529,0,3,0,2,155.96,0.84,131.01,15.08,1,131.01,1,2,1,2,1,228.77,33.41,37155187.01,141719.92,21,0,23,0.09,0.13,,,,,,,,,,,
66,75.18,7.518,3,4,48.211,11.53,0,3,0,2,150.36,0.84,126.3,14.54,1,126.3,1,2,1,1,1,236.33,32.21,35820027.39,133388.09,22,0,23,0.11,0.16,,,,,,,,,,,
67,150.37,15.037,3,4,48.215,11.528,0,3,0,2,300.74,0.84,252.62,29.09,1,252.62,1,2,1,2,2,397.49,64.42,71644554.36,155106.7,18,0,23,0.17,0.26,,,,,,,,,,,
68,75.13,7.513,3,4,48.211,11.53,0,3,0,2,150.25,0.84,126.21,14.53,2,63.11,7,1,1,2,1,318.45,32.18,35795164.04,102088.08,22,0,23,0.01,0.01,,,,,,,,,,,
69,78.04,7.804,3,4,48.212,11.529,0,3,0,2,156.07,0.84,131.1,15.1,2,65.55,7,2,1,1,2,222.67,33.43,37181001.39,145181.61,21,0,23,0.13,0.19,,,,,,,,,,,
70,75.96,7.596,3,4,48.211,11.53,0,3,0,2,151.91,0.84,127.61,14.69,2,63.8,6,2,1,2,2,200.78,32.54,36189850.98,155106.7,21,0,23,0.11,0.17,,,,,,,,,,,
71,135.49,13.549,3,4,48.2,11.522,0,3,0,2,270.98,0.84,227.62,26.21,2,113.81,4,2,2,2,1,229.67,58.04,64555300.47,224370.99,18,0,23,0.23,0.35,,,,,,,,,,,
72,92.52,9.252,3,4,48.216,11.487,0,3,1,2,185.04,0.84,155.43,44.7,2,77.72,4,2,1,1,2,278.48,39.64,38484811.97,120975.49,18,0,23,0.13,0.19,,,,,,,,,,,
73,93.16,9.316,3,4,48.216,11.489,0,3,1,2,186.33,0.84,156.52,45.01,2,78.26,2,2,1,2,1,347.93,39.91,38752459.47,99917.38,21,0,23,0.15,0.22,,,,,,,,,,,
74,52.69,5.269,3,4,48.221,11.519,0,3,1,2,105.38,0.84,88.52,25.45,1,88.52,5,2,1,2,2,158.59,22.57,21915903.03,120975.49,22,0,23,0.05,0.07,,,,,,,,,,,
75,148.18,14.818,3,4,48.216,11.488,0,3,2,2,296.36,0.84,248.95,34.61,4,62.24,6,2,2,1,1,252.48,63.48,56965806.95,180292.45,21,0,23,0.23,0.34,,,,,,,,,,,
76,157.73,15.773,3,4,48.212,11.529,0,3,2,2,315.46,0.84,264.99,36.84,4,66.25,4,2,1,1,1,436.01,67.57,60636944.72,120411.21,18,0,23,0.21,0.31,,,,,,,,,,,
77,142.87,14.287,3,4,48.216,11.488,0,3,2,2,285.75,0.84,240.03,33.37,3,80.01,3,1,1,2,2,380.22,61.21,54925083.3,124426.35,22,0,23,0.25,0.37,,,,,,,,,,,
78,132.19,13.219,3,4,48.216,11.49,0,3,2,2,264.39,0.84,222.09,30.87,3,74.03,7,2,1,1,1,365.42,56.63,50819271.65,120411.21,19,0,23,0.24,0.36,,,,,,,,,,,
79,276.41,27.641,3,4,48.213,11.529,0,3,2,2,552.82,0.84,464.37,64.55,5,92.87,5,2,1,1,1,764.07,118.41,106261363.3,120411.21,22,0,23,0.46,0.69,,,,,,,,,,,
80,281.38,28.138,3,4,48.215,11.528,0,3,2,2,562.76,0.84,472.72,65.71,5,94.54,5,1,1,2,1,860.54,120.54,108171906.1,110257.95,18,0,23,0.27,0.4,,,,,,,,,,,
81,140.3,14.03,3,4,48.212,11.53,0,3,2,2,280.61,0.84,235.71,32.77,4,58.93,12,2,1,1,1,387.83,60.11,53936802.76,120411.21,18,0,23,0.17,0.25,,,,,,,,,,,
82,142.91,14.291,3,4,48.216,11.488,0,3,2,2,285.83,0.84,240.09,33.38,4,60.02,13,2,2,2,2,126.74,61.22,54940198.35,292289.83,18,0,23,0.18,0.28,,,,,,,,,,,
83,900,90,3,4,48.212,11.488,0,3,3,4,3600,0.84,3024,630.68,5,604.8,5,2,2,1,2,2158.21,385.56,551668978.7,216870.71,22,0,23,1.91,2.87,,,,,,,,,,,
84,344.31,34.431,3,4,48.215,11.528,0,3,3,4,1377.23,0.84,1156.87,241.27,9,128.54,11,1,2,2,2,932.66,147.5,211048262.4,195385.57,22,0,23,1.05,1.57,,,,,,,,,,,
85,900,90,3,4,48.212,11.529,0,3,3,4,3600,0.84,3024,630.68,8,378,8,2,2,1,2,2158.21,385.56,551668978.7,216870.71,18,0,23,3.02,4.53,,,,,,,,,,,
86,561.89,56.189,3,4,48.213,11.53,0,3,3,4,2247.57,0.84,1887.96,393.75,6,314.66,6,2,1,1,1,3798.89,240.71,344420227.2,85260.8,22,0,23,1.49,2.24,,,,,,,,,,,
87,74.15,7.415,3,4,48.195,11.55,0,4,0,1,74.15,0.84,62.28,14.58,2,31.14,6,2,1,1,1,202.83,31.77,32552159.42,138760.15,21,0,23,0.03,0.04,,,,,,,,,,,
88,110.78,11.078,3,4,48.216,11.531,0,4,0,1,110.78,0.84,93.05,21.78,2,46.53,4,1,1,2,1,320.13,47.46,48632673.61,132302.73,18,0,23,0.06,0.08,,,,,,,,,,,
89,113.17,11.317,3,4,48.217,11.529,0,4,0,1,113.17,0.84,95.07,22.25,1,95.07,1,2,1,2,1,272.98,48.48,49685313.78,154558.73,20,0,23,0.08,0.12,,,,,,,,,,,
90,137.21,13.721,3,4,48.212,11.547,0,4,0,1,137.21,0.84,115.25,26.97,1,115.25,1,1,1,2,1,396.51,58.78,60235945.98,132302.73,20,0,23,0.11,0.17,,,,,,,,,,,
91,182.59,18.259,3,4,48.199,11.526,0,4,0,1,182.59,0.84,153.37,35.89,2,76.69,6,2,1,2,1,440.41,78.22,80159495.8,154558.73,22,0,23,0.07,0.1,,,,,,,,,,,
92,60.63,6.063,3,4,48.215,11.539,0,4,0,1,60.63,0.84,50.93,11.92,1,50.93,3,2,1,2,1,146.23,25.97,26615380.08,154558.73,19,0,23,0.04,0.06,,,,,,,,,,,
93,169.69,16.969,3,4,48.199,11.527,0,4,0,1,169.69,0.84,142.54,33.36,2,71.27,4,2,1,1,2,414.13,72.69,74494940.6,153021.77,22,0,23,0.07,0.1,,,,,,,,,,,
94,149.03,14.903,3,4,48.215,11.545,0,4,0,1,149.03,0.84,125.18,29.3,2,62.59,4,1,1,1,2,434.92,63.84,65425458.93,131174.93,21,0,23,0.05,0.08,,,,,,,,,,,
95,61.65,6.165,3,4,48.203,11.537,0,4,1,3,184.95,0.84,155.36,15.13,1,155.36,3,1,1,2,2,128.39,26.41,21378207.68,138104.95,19,0,23,0.1,0.15,,,,,,,,,,,
96,61.7,6.17,3,4,48.203,11.537,0,4,1,3,185.1,0.84,155.48,15.14,1,155.48,4,1,1,1,1,151.21,26.43,21396049.89,120444.13,22,0,23,0.07,0.11,,,,,,,,,,,
97,59.61,5.961,3,4,48.203,11.537,0,4,1,3,178.83,0.84,150.22,14.63,1,150.22,3,2,2,2,1,87.59,25.54,20671156.36,182722.45,18,0,23,0.08,0.12,,,,,,,,,,,
98,59.61,5.961,3,4,48.203,11.538,0,4,1,3,178.83,0.84,150.22,14.63,1,150.22,2,1,1,2,2,124.14,25.54,20671157.53,138104.95,22,0,23,0.13,0.19,,,,,,,,,,,
99,91.92,9.192,3,4,48.216,11.487,0,4,1,3,275.75,0.84,231.63,22.56,2,115.81,4,2,1,1,1,200.55,39.38,31874044.1,132846.94,19,0,23,0.12,0.18,,,,,,,,,,,
100,94.97,9.497,3,4,48.216,11.488,0,4,1,3,284.91,0.84,239.32,23.31,2,119.66,4,1,1,2,1,232.75,40.69,32933164.82,120444.13,18,0,23,0.15,0.23,,,,,,,,,,,
101,63.14,6.314,3,4,48.203,11.538,0,4,1,3,189.42,0.84,159.11,15.5,1,159.11,2,2,1,1,1,137.77,27.05,21895277.51,132846.94,18,0,23,0.09,0.13,9813665.55,1963095.16,203758,61678.5,12337.97,1280.61,2311709.69,36.88,12125375.24,76207.5,1756251
102,185.72,18.572,3,4,48.215,11.49,0,4,1,3,557.17,0.84,468.02,45.59,2,234.01,6,1,1,1,1,455.16,79.56,64404123.29,120444.13,21,0,23,0.11,0.17,35872068.78,8561959.29,623376,76646.44,18294,1331.94,2627381.76,41.83,38499450.54,82260.27,5096487
103,110.21,11.021,3,4,48.208,11.556,0,4,2,3,330.62,0.84,277.72,48.38,3,92.57,7,1,2,2,2,169.18,47.21,50129787.69,231665.31,21,0,23,0.08,0.12,13367258.05,6570554.85,606264,48132.14,23658.92,2183,2092897.85,33.33,15460155.9,55668.14,9092009
104,124.72,12.472,3,4,48.214,11.49,0,4,2,3,374.17,0.84,314.3,54.76,3,104.77,6,2,1,1,1,504.75,53.43,56732585.57,101637.99,20,0,23,0.29,0.44,35289921.34,9573419.23,638630,112281.01,30459.49,2031.91,5891420.92,93.52,41181342.26,131025.59,7683524
105,82.85,8.285,3,4,48.217,11.53,0,4,2,3,248.55,0.84,208.78,36.37,2,104.39,4,1,2,2,2,127.18,35.49,37685638.37,231665.31,19,0,23,0.05,0.08,9735697.76,3295004,345358,46631.37,15782.18,1654.17,1528816.36,24.31,11264514.12,53953.99,3836630
106,393.01,39.301,3,4,48.22,11.555,0,4,2,3,1179.04,0.84,990.39,172.55,11,90.04,44,1,2,1,1,1023.74,168.37,178770369.4,149962.26,19,0,23,0.46,0.68,71806791.67,19729887.71,4034202,72503.55,19921.33,4073.35,8947924.67,142.5,80754716.35,81538.3,33033631
107,137.11,13.711,3,4,48.214,11.488,0,4,2,3,411.33,0.84,345.52,60.2,3,115.17,6,1,1,1,2,489.42,58.74,62368003.18,113778.13,21,0,23,0.13,0.19,35004104.73,10985018.77,633464,101308.48,31792.71,1833.36,3134221.98,49.86,38138326.71,110379.51,6042431
108,214.75,21.475,3,4,48.219,11.55,0,4,2,3,644.24,0.84,541.16,94.28,6,90.19,12,2,1,1,2,708.8,92,97681713.21,121980.4,20,0,23,0.3,0.45,50385762.74,15124246.75,1238720,93106.96,27947.83,2289.01,6029819.7,96.03,56415582.45,104249.36,12062875
109,196.4,19.64,3,4,48.195,11.551,0,4,2,3,589.19,0.84,494.92,86.22,5,98.98,6,1,2,1,2,365,84.14,89334566.38,198904.35,22,0,23,0.26,0.39,30076991.44,13723016.49,570554,60771.42,27727.75,1152.82,5348158.41,85.31,35425149.85,71577.53,8352799
110,277.48,27.748,3,4,48.219,11.555,0,4,2,3,832.45,0.84,699.26,121.82,7,99.89,17,2,2,1,1,648.21,118.87,126219796.1,164545.47,19,0,23,0.56,0.84,47040157.72,13376614.67,1565358,67271.34,19129.67,2238.59,10749614.52,170.73,57789772.24,82644.18,16412763
111,723.19,72.319,3,4,48.211,11.551,0,4,3,8,5785.56,0.84,4859.87,908.84,20,242.99,60,1,2,1,2,2821.09,309.82,650367508.4,207725.19,20,0,23,3.65,5.47,171914579.2,99089109.36,5301774,35374.32,20389.25,1090.93,68427415.34,1092.85,240341994.5,49454.41,83594259
112,715.13,71.513,3,4,48.219,11.56,0,4,3,8,5721.01,0.84,4805.65,898.7,20,240.28,40,1,1,1,1,8437.57,306.36,643111217.8,73549.47,20,0,23,4.13,6.2,540617379,142933213.7,4418524,112496.2,29742.74,919.44,78028083.29,1243.74,618645462.3,128732.94,43145287
113,654.62,65.462,3,4,48.21,11.558,0,4,3,8,5236.93,0.84,4399.02,822.66,18,244.39,18,1,1,1,2,6325.1,280.44,588694769.3,89121.35,18,0,23,2.25,3.37,378766173.8,96098040.82,1884496,86102.4,21845.33,428.39,42746144.49,681.32,421512318.3,95819.6,37241250
114,508.25,50.825,3,4,48.217,11.529,0,4,3,8,4065.99,0.84,3415.44,638.72,3,1138.48,3,1,2,1,2,1982.61,217.73,457067510.3,207725.19,21,0,23,2.44,3.65,131300320.8,77353369.38,278258,38443.16,22648.14,81.47,45484248.36,725.09,176784569.2,51760.41,6022718
115,465.7,46.57,3,4,48.206,11.55,0,4,3,8,3725.63,0.84,3129.53,585.25,13,240.73,26,1,1,1,1,5494.7,199.51,418805941.5,73549.47,19,0,23,1.3,1.94,340956051.7,80225235.17,2854702,108948.01,25634.91,912.18,24323699.99,387.7,365279751.7,116720.32,45014298
116,833.05,83.305,3,4,48.212,11.557,0,4,3,8,6664.38,0.84,5598.08,1046.9,23,243.39,23,2,1,2,2,7545.88,356.88,749157621.7,94796.94,19,0,23,1.15,1.72,481335547.5,130189564.1,2397702,85982.26,23256.11,428.31,21870244.91,347.4,503205792.4,89889,42939342
117,673.54,67.354,3,4,48.209,11.55,0,4,3,8,5388.32,0.84,4526.19,846.44,19,238.22,19,1,1,2,1,7729.09,288.54,605713368.7,75547.66,20,0,23,2.47,3.71,503633707,132771877.7,2059204,111271,29334.14,454.95,46468091.81,738.67,550101798.8,121537.5,38306327
118,726.51,72.651,3,4,48.197,11.53,0,4,3,8,5812.06,0.84,4882.13,913.01,20,244.11,80,1,1,2,1,8336.91,311.24,653347058.6,75547.66,22,0,23,5.59,8.39,545693697.6,162046458.4,8757220,111773.69,33191.75,1793.73,103615790.1,1654.85,649309487.7,132997.17,93178243
119,218.26,21.826,3,4,48.199,11.511,0,5,0,1,218.26,0.84,183.34,41.17,2,91.67,4,1,1,1,1,509.87,93.5,101440957.3,168123.99,21,0,23,0.03,0.05,44154546.67,7930068.49,403960,240834.22,43253.35,2203.34,1107675.65,17.63,45262222.33,246875.87,8078146
120,81.93,8.193,3,4,48.206,11.557,0,5,0,1,81.93,0.84,68.82,15.45,2,34.41,2,2,1,1,1,164.91,35.1,38076975.51,190379.15,21,0,23,0.04,0.06,14532055.95,2993967.18,200308,211160.36,43504.32,2910.61,1395321.59,22.22,15927377.54,231435.3,4699981
121,91.51,9.151,3,4,48.196,11.544,0,5,0,1,91.51,0.84,76.87,17.26,2,38.44,2,1,1,1,1,213.78,39.2,42532823.56,168123.99,18,0,23,0.05,0.07,16006374.75,2277570.76,201066,208226.55,29628.86,2615.66,1581577.14,25.2,17587951.88,228801.25,2989766
122,92.76,9.276,3,4,48.197,11.554,0,5,0,1,92.76,0.84,77.92,17.5,2,38.96,3,1,2,1,2,119.57,39.74,43112326.86,270614.73,20,0,23,0.04,0.06,10848119.05,2731338.66,265340,139221.24,35053.11,3405.29,1331724.35,21.17,12179843.4,156312.16,5707146
123,132.34,13.234,3,4,48.211,11.554,0,5,0,1,132.34,0.84,111.16,24.96,2,55.58,4,1,1,1,2,271.7,56.69,61506464.33,187293.6,18,0,23,0.09,0.14,20622906.42,3084385.24,384168,185524.53,27747.26,3455.99,2312350.7,36.85,22935257.12,206326.53,6497943
124,120.17,12.017,3,4,48.206,11.563,0,5,0,1,120.17,0.84,100.94,22.67,2,50.47,2,1,1,2,2,221.99,51.48,55851749.7,204231.3,18,0,23,0.05,0.07,17283439.48,2798987.94,191374,171224.88,27729.22,1895.92,1504212.17,23.91,18787651.66,186126.92,4149298
125,135.08,13.508,3,4,48.198,11.517,0,5,0,1,135.08,0.84,113.47,25.48,2,56.73,1,2,2,1,1,168.69,57.87,62781720.48,277103.82,21,0,23,0.1,0.15,16281606.59,4450468.63,185564,143488.2,39221.54,1635.36,2542970.47,40.44,18824577.06,165899.15,3651069
126,86.42,8.642,3,4,48.2,11.527,0,5,0,1,86.42,0.84,72.59,16.3,1,72.59,1,2,2,2,2,65.69,37.02,40166222.89,391056.71,19,0,23,0.01,0.01,6713639.89,1608887.18,82954,92487.12,22164.03,1142.77,779546.65,12.41,7493186.54,103226.15,2416409
127,154.49,15.449,3,4,48.212,11.544,0,5,1,2,308.98,0.84,259.55,49.86,2,129.77,4,1,1,1,1,370.2,66.18,62011663.42,142104.76,20,0,23,0.07,0.1,28178756.02,8017483.6,407808,108567.74,30889.94,1571.21,1910702.17,30.4,30089458.2,115929.33,9263115
128,61.75,6.175,3,4,48.202,11.539,0,5,1,2,123.5,0.84,103.74,19.93,1,103.74,2,2,2,1,2,65.8,26.45,24785180.32,268679.88,21,0,23,0.06,0.09,5927786.69,2678425.48,178698,57140.8,25818.64,1722.56,1769107.85,28.11,7696894.54,74194.09,3287506
129,65.43,6.543,3,4,48.211,11.546,0,5,1,2,130.86,0.84,109.92,21.12,1,109.92,1,2,1,2,2,107.52,28.03,26262937.49,193751.87,22,0,23,0.08,0.11,9057582.44,3706244.73,104966,82401.59,33717.66,954.93,2158933.73,34.36,11216516.17,102042.54,1450525
130,604.2,60.42,3,4,48.201,11.539,0,5,1,2,1208.4,0.84,1015.05,195.01,2,507.53,4,1,1,1,2,1155.27,258.84,242519782.2,171499.77,21,0,23,0.76,1.15,93071044.23,33629341.86,403130,91691.09,33130.72,397.15,14398964.9,228.77,107470009.1,105876.57,6874067
131,165.11,16.511,3,4,48.195,11.534,0,5,1,2,330.22,0.84,277.38,53.29,2,138.69,2,2,1,2,1,351.25,70.73,66272810.31,157050.2,18,0,23,0.21,0.31,24887545.58,5896233.36,191470,89723.65,21256.88,690.28,4462266.61,71.02,29349812.2,105810.85,3236810
132,57.53,5.753,3,4,48.195,11.534,0,5,1,2,115.05,0.84,96.64,18.57,1,96.64,2,1,2,1,2,76.76,24.64,23090028.28,227708.87,22,0,23,0.06,0.09,6853266.09,2958631.06,190890,70915.42,30614.97,1975.27,1666225.77,26.6,8519491.86,88156.99,3418351
133,61.75,6.175,3,4,48.203,11.539,0,5,1,2,123.5,0.84,103.74,19.93,1,103.74,4,1,1,2,1,147.96,26.45,24785068.06,142104.76,22,0,23,0.04,0.06,11882177.22,3745946.31,417042,114538.05,36108.99,4020.07,1318125.69,21.01,13200302.91,127244.1,5329010
134,65.43,6.543,3,4,48.211,11.546,0,5,1,2,130.86,0.84,109.92,21.12,1,109.92,2,2,1,1,1,139.2,28.03,26262940.15,157050.2,18,0,23,0.13,0.19,9768389.16,2324871.08,188118,88868.17,21150.57,1711.41,2971292.98,47.33,12739682.14,115899.58,3195780
135,214.73,21.473,3,4,48.219,11.55,0,5,2,2,429.46,0.84,360.74,67.67,6,60.12,14,1,1,1,2,529.08,91.99,102956888.8,165774.44,21,0,23,0.13,0.19,42008094.57,12127348.22,1379628,116449.78,33617.97,3824.44,3034712.69,48.23,45042807.26,124862.25,17953425
136,281.64,28.164,3,4,48.211,11.544,0,5,2,2,563.28,0.84,473.15,88.76,8,59.14,16,1,1,2,2,635.98,120.65,135039259.7,178473.46,22,0,23,0.24,0.35,53868805.47,16237444.43,1593868,113851.43,34317.75,3368.63,4954265.2,79.04,58823070.66,124322.25,21174868
137,208.69,20.869,3,4,48.218,11.484,0,5,2,2,417.38,0.84,350.6,65.77,5,70.12,7,2,1,1,2,458.11,89.4,100062527.9,182759.22,20,0,23,0.22,0.32,35443091.07,10528587.54,666018,101092.67,30030.2,1899.65,4575871.41,72.95,40018962.48,114144.22,10396818
138,118.24,11.824,3,4,48.212,11.562,0,5,2,2,236.49,0.84,198.65,37.26,3,66.22,3,2,1,2,2,235.23,50.66,56695530.55,198315.87,21,0,23,0.13,0.2,19499774.59,6316460.3,291560,98161.46,31796.93,1467.71,3090178.99,49.08,22589953.58,113717.36,3959197
139,82.67,8.267,3,4,48.211,11.553,0,5,2,2,165.35,0.84,138.89,26.05,2,69.45,1,2,1,2,2,164.47,35.42,39640466.89,198315.87,20,0,23,0.08,0.12,12698159.48,4129570.95,192616,91426.02,29732.67,1386.82,2160672.81,34.38,14858832.29,106982.74,2602597
140,214.53,21.453,3,4,48.211,11.546,0,5,2,2,429.07,0.84,360.42,67.61,6,60.07,16,1,1,1,1,643.53,91.91,102863461.1,139866.89,18,0,23,0.19,0.28,44026953.29,8290481.29,1517248,122154.58,23002.28,4209.67,4106033.77,65.27,48132987.06,133546.94,20548287
141,276.15,27.615,3,4,48.215,11.557,0,5,2,2,552.31,0.84,463.94,87.03,7,66.28,18,1,1,1,1,828.38,118.3,132409422.4,139866.89,18,0,23,0.13,0.2,56770195.45,10480653.75,1736216,122365.38,22590.54,3742.33,3000041.42,47.74,59770236.87,128831.82,24988898
142,116.02,11.602,3,4,48.212,11.555,0,5,2,2,232.05,0.84,194.92,36.56,3,64.97,11,2,1,1,1,316.85,49.7,55630598.81,151767.14,18,0,23,0.1,0.14,21638192.63,4294431.32,1015898,111010.63,22031.76,5211.87,2479972.5,39.53,24118165.13,123733.66,12037389
143,683.32,68.332,3,4,48.221,11.561,0,5,3,6,4099.91,0.84,3443.93,579.3,19,181.26,38,2,1,2,1,4417.79,292.73,518631069.3,110100.46,20,0,23,1.98,2.97,296856042.9,89280391.52,4072690,86196.89,25923.99,1182.57,37328934.67,592.71,334184977.5,97035.94,59963010
144,475.66,47.566,3,4,48.215,11.528,0,5,3,6,2853.96,0.84,2397.32,403.25,6,399.55,6,1,1,1,1,3300.98,203.77,361020057.8,103008.68,18,0,23,1.86,2.79,205687282.3,46682071.8,607208,85798.84,19472.61,253.29,35227047.03,561.95,240914329.3,100493.19,7639495
145,677.95,67.795,3,4,48.199,11.529,0,5,3,6,4067.71,0.84,3416.87,574.75,19,179.84,19,1,1,1,1,4704.84,290.43,514557048.4,103008.68,20,0,23,3.48,5.22,316991780.4,89841461.5,2003744,92772.56,26293.5,586.43,64944747.54,1035.54,381936527.9,111779.65,28180103
146,162.78,16.278,3,4,48.202,11.54,0,5,3,6,976.69,0.84,820.42,138,4,205.11,8,1,2,2,1,626.94,69.74,123549946.3,177342.06,20,0,23,0.5,0.74,41402074.61,18158340.72,783478,50464.49,22132.98,954.97,9693029.22,154.18,51095103.83,62279.2,10633951
147,455.4,45.54,3,4,48.196,11.525,0,5,3,6,2732.42,0.84,2295.24,386.08,13,176.56,51,1,2,1,1,1847.66,195.09,345646257.6,169205.58,21,0,23,0.81,1.22,126063971.2,56645031.87,4945800,54924.09,24679.35,2154.81,15201750.5,243.06,141265721.7,61547.26,58730352
148,900,90,3,4,48.209,11.555,0,5,3,6,5400,0.84,4536,763,25,181.44,125,1,1,1,1,6245.82,385.56,683089680,103008.68,18,0,23,3.86,5.8,379228718.6,87213589.48,12699728,83604.21,19226.98,2799.76,73356473.81,1165.59,452585192.4,99776.28,128422917
149,426.6,42.66,3,4,48.209,11.551,0,5,3,6,2559.59,0.84,2150.05,361.66,12,179.17,39,2,1,2,1,2758.04,182.75,323782879.5,110100.46,21,0,23,1.34,2.02,188184038.4,60002858.04,4085594,87525.42,27907.66,1900.23,25064290.55,398.89,213248328.9,99182.96,44187355
150,710.79,71.079,3,4,48.211,11.56,0,5,3,6,4264.76,0.84,3582.4,602.6,20,179.12,68,2,1,1,2,3717.29,304.5,539484339,134140.1,19,0,23,1.9,2.84,247106648.8,67439459.98,6526392,68977.96,18825.22,1821.79,35593878.07,567.51,282700526.9,78913.72,68829098
151,123.52,12.352,3,4,48.21,11.554,0,6,0,3,370.57,0.84,311.28,33.59,2,155.64,10,1,1,1,1,399.51,52.92,54852805.17,121240.13,21,0,23,0.32,0.48,30456595.31,6557858.67,1047376,97843.08,21067.39,3364.74,6472307.25,103.14,36928902.56,118635.64,9109257
152,111.97,11.197,3,4,48.205,11.562,0,6,0,3,335.91,0.84,282.17,30.45,2,141.08,8,1,1,1,1,362.15,47.97,49723093.3,121240.13,22,0,23,0.17,0.26,28493570.01,6157457.27,832978,100980.15,21821.8,2952.04,3783838.36,60.15,32277408.36,114389.94,11006028
153,138.22,13.822,3,4,48.196,11.522,0,6,0,3,414.65,0.84,348.31,37.59,2,174.15,3,2,1,1,1,434.41,59.21,61378628.04,124342.02,20,0,23,0.23,0.34,32971729.99,6967417.53,313696,94662.03,20003.5,900.62,4792773.09,76.12,37764503.08,108422.1,5806794
154,900,90,3,4,48.193,11.55,0,6,0,3,2700,0.84,2268,244.75,2,1134,5,1,1,1,1,2910.92,385.56,399665328.5,121240.13,20,0,23,2.3,3.45,223128317.9,45333019.15,524130,98381.09,19988.1,231.1,43739357.15,694.59,266867675.1,117666.52,5559590
155,191.09,19.109,3,4,48.217,11.544,0,6,0,3,573.27,0.84,481.54,51.97,2,240.77,1,1,2,2,1,405.74,81.86,84857272.66,174028.28,21,0,23,0.39,0.59,32505334.99,9758830.9,221618,67502.88,20265.88,460.23,7669285.6,122.45,40174620.59,83429.46,4668669
156,88.52,8.852,3,4,48.217,11.543,0,6,0,3,265.56,0.84,223.07,24.07,2,111.54,5,1,1,1,1,286.31,37.92,39309753.5,121240.13,22,0,23,0.14,0.21,22574219.41,4951104.49,520120,101197.92,22195.3,2331.64,3155964.84,50.33,25730184.25,115345.78,9541593
157,87.44,8.744,3,4,48.196,11.553,0,6,0,3,262.33,0.84,220.35,23.78,1,220.35,1,2,1,2,1,260.5,37.46,38830486.25,130319.06,22,0,23,0.06,0.09,19715072.91,4866872.29,112716,89471.63,22087.01,511.53,1766079.76,28.08,21481152.67,97486.51,3064302
158,195.11,19.511,3,4,48.224,11.521,0,6,0,3,585.33,0.84,491.67,53.06,2,245.84,2,1,1,1,1,631.05,83.58,86642479.06,121240.13,18,0,23,0.38,0.58,43654096.87,7516252.9,210370,88787.39,15287.19,427.87,7425036.45,118.3,51079133.32,103889.06,3789143
159,179.12,17.912,3,4,48.201,11.548,0,6,1,2,358.25,0.84,300.93,41.84,1,300.93,1,2,1,1,1,337.74,76.74,60454764.98,145856.61,20,0,23,0.11,0.16,26632835.63,7150383.64,106788,88501.76,23760.95,354.86,2680305.15,42.57,29313140.78,97408.5,2910090
160,138.63,13.863,3,4,48.205,11.56,0,6,1,2,277.26,0.84,232.9,32.38,2,116.45,3,1,1,1,1,275.4,59.39,46788187.51,139752,21,0,23,0.12,0.18,22543707.71,5954202.41,311200,96795.65,25565.49,1336.2,2818174.43,45.02,25361882.14,108896.02,5082914
161,188.85,18.885,3,4,48.205,11.56,0,6,1,2,377.71,0.84,317.27,44.11,2,158.64,7,1,2,1,1,305.81,80.9,63738311.78,164818.56,20,0,23,0.17,0.26,24889868.99,7023153.55,665876,78450.12,22136.2,2098.77,3701976.03,58.93,28591845.02,90118.34,7645583
162,71.29,7.129,3,4,48.213,11.547,0,6,1,2,142.58,0.84,119.77,16.65,1,119.77,1,1,1,1,1,141.63,30.54,24060583.31,139752,18,0,23,0.02,0.03,10255166.63,2108024.44,105728,85623.83,17600.6,882.76,1004723.99,16,11259890.62,94012.61,1436535
163,141.86,14.186,3,4,48.205,11.56,0,6,1,2,283.73,0.84,238.33,33.14,2,119.16,5,1,1,2,1,281.82,60.77,47878878.08,139752,22,0,23,0.16,0.23,23815283.55,6421947.12,514542,99925.66,26945.61,2158.95,3585601.68,57.14,27400885.23,114970.36,6830430
164,97.51,9.751,3,4,48.214,11.545,0,6,1,2,195.01,0.84,163.81,22.78,2,81.9,4,1,1,1,2,159.54,41.77,32908060.91,163469.15,18,0,23,0.01,0.02,11930280.73,2549564.88,370452,72829.99,15564.16,2261.47,693723.25,11.04,12624003.98,77064.92,4887210
165,177.36,17.736,3,4,48.213,11.547,0,6,1,2,354.73,0.84,297.97,41.43,2,148.99,2,1,1,2,1,352.35,75.98,59860787.73,139752,19,0,23,0.02,0.04,28032206.98,5389945.22,201342,94077.28,18088.89,675.71,937702.17,14.9,28969909.15,97224.25,4348311
166,157.62,15.762,3,4,48.201,11.547,0,6,1,2,315.25,0.84,264.81,36.82,2,132.4,7,2,1,1,1,297.2,67.53,53198014.62,145856.61,20,0,23,0.07,0.11,23509500.47,6259338.25,684156,88778.75,23637.09,2583.57,1922336.1,30.59,25431836.57,96038.05,7251258
167,296.19,29.619,3,4,48.202,11.563,0,6,2,3,888.56,0.84,746.39,99.6,8,93.3,8,1,1,2,2,627.2,126.89,121243725.4,160781.86,18,0,23,0.76,1.14,44245122.93,10786935.9,730650,59278.83,14452.14,978.91,14370914.25,228.86,58616037.18,78532.72,15453112
168,198.77,19.877,3,4,48.203,11.563,0,6,2,3,596.32,0.84,500.91,66.84,5,100.18,8,1,1,1,1,567.11,85.15,81367582.95,124746.32,20,0,23,0.28,0.43,41964182.43,11285391.43,823162,83775.89,22529.78,1643.33,5690198.02,90.54,47654380.45,95135.61,11935634
169,96.82,9.682,3,4,48.195,11.549,0,6,2,3,290.46,0.84,243.98,32.56,2,121.99,4,1,2,1,1,189.83,41.48,39632485.19,171343.81,20,0,23,0.09,0.14,14313468.75,5149682.63,387736,58666.57,21106.99,1589.21,2229168.35,35.56,16542637.1,67803.25,5463187
170,129.96,12.996,3,4,48.204,11.563,0,6,2,3,389.88,0.84,327.5,43.7,3,109.17,7,2,1,1,1,342.4,55.68,53199371.01,133640.93,18,0,23,0.28,0.42,23045685.43,5187286.8,678198,70368.51,15839.04,2070.83,5738994.73,91.61,28784680.16,87892.15,7814604
171,208.1,20.81,3,4,48.217,11.532,0,6,2,3,624.3,0.84,524.41,69.98,5,104.88,13,1,1,2,2,440.67,89.15,85185239.12,160781.86,22,0,23,0.29,0.44,35304158.25,12859479.77,1301416,67321.67,24521.81,2481.68,5894550.76,94.22,41198709.01,78562.02,13821639
172,206.28,20.628,3,4,48.202,11.563,0,6,2,3,618.83,0.84,519.82,69.36,5,103.96,8,2,1,1,1,543.47,88.37,84438896.41,133640.93,19,0,23,0.46,0.69,40080968.29,8986538.78,791644,77105.48,17287.79,1522.92,8916962.77,141.6,48997931.06,94259.42,12331901
173,215.57,21.557,3,4,48.217,11.532,0,6,2,3,646.7,0.84,543.22,72.49,6,90.54,8,1,1,1,1,615.02,92.35,88241273.91,124746.32,20,0,23,0.23,0.35,45368493.31,12341440.65,827944,83517.72,22719.05,1524.14,4836296.67,76.81,50204789.98,92420.73,12052282
174,293.33,29.333,3,4,48.217,11.531,0,6,2,3,879.99,0.84,739.19,98.64,7,105.6,7,1,1,1,1,836.88,125.66,120073748.4,124746.32,20,0,23,0.61,0.92,62282249.66,16884868.22,706294,84257.43,22842.39,955.5,11609529.79,184.44,73891779.45,99963.18,12791413
175,523.28,52.328,3,4,48.197,11.546,0,6,3,1,523.28,0.84,439.55,0,14,31.4,14,1,1,1,1,0,0,78082066.69,nan,22,0,23,0.18,0.27,0,0,0,0,0,0,3897127.07,62.2,3897127.07,8866.17,26616615
176,900,90,3,4,48.208,11.554,0,6,3,1,900,0.84,756,0,9,84,9,1,1,1,1,0,0,134295840,nan,18,0,23,0.33,0.5,31726.52,0,10576,41.97,0,13.99,6552551.34,104.63,6584277.86,8709.36,19412645
177,676.22,67.622,3,4,48.207,11.553,0,6,3,1,676.22,0.84,568.03,0,9,63.11,9,2,1,1,1,0,0,100904235.6,nan,20,0,23,0.15,0.23,0,0,0,0,0,0,3357490.67,53.47,3357490.67,5910.76,15477175
178,578.55,57.855,3,4,48.208,11.556,0,6,3,1,578.55,0.84,485.99,0,13,37.38,13,1,2,1,1,0,0,86330379.83,nan,20,0,23,0.35,0.53,0,0,0,0,0,0,6947008.65,110.39,6947008.65,14294.55,21083405
179,466.27,46.627,3,4,48.204,11.563,0,6,3,1,466.27,0.84,391.67,0,13,30.13,13,1,1,2,1,0,0,69575836.32,nan,20,0,23,0.4,0.59,0,0,0,0,0,0,7834022.7,124.86,7834022.7,20001.59,19282838
180,900,90,3,4,48.204,11.563,0,6,3,1,900,0.84,756,0,25,30.24,30,1,1,1,1,0,0,134295840,nan,20,0,23,0.66,0.98,0,0,0,0,0,0,12478850.27,198.98,12478850.27,16506.42,43319630
181,161.93,16.193,3,4,48.225,11.525,0,7,0,2,323.86,0.84,272.04,53.65,2,136.02,2,1,1,1,1,486.23,69.37,98711977.65,177667.51,18,0,23,0.17,0.25,34320805.95,6425296.53,191150,126160.88,23618.94,702.65,3695275.13,58.74,38016081.09,139744.45,3691316
182,133.71,13.371,3,4,48.2,11.506,0,7,0,2,267.41,0.84,224.63,44.3,1,224.63,1,2,1,1,1,403.32,57.28,81506740.3,176958.69,19,0,23,0.16,0.23,30274665.53,6122472.97,105552,134775.7,27255.81,469.89,3548759.11,56.5,33823424.64,150573.94,1850267
183,316.09,31.609,3,4,48.207,11.509,0,7,0,2,632.18,0.84,531.03,104.73,2,265.52,3,1,1,1,1,949.13,135.41,192687127.5,177667.51,21,0,23,0.4,0.6,76281774.44,19603356.99,304498,143648.71,36915.72,573.41,7826291.11,124.57,84108065.55,158386.66,4239151
184,62.42,6.242,3,4,48.208,11.503,0,7,0,2,124.85,0.84,104.87,20.68,1,104.87,3,1,1,1,1,187.44,26.74,38053659.06,177667.51,19,0,23,0.04,0.06,14135079.41,2714685.52,280594,134786.68,25886.2,2675.64,1416887.02,22.54,15551966.43,148297.57,2326417
185,137.91,13.791,3,4,48.197,11.55,0,7,0,2,275.81,0.84,231.68,45.69,2,115.84,2,1,1,1,1,414.09,59.08,84067681.33,177667.51,19,0,23,0.09,0.13,31652291.17,5937154.3,200960,136620.73,25626.53,867.4,2236357.61,35.64,33888648.78,146273.52,3031631
186,120.85,12.085,3,4,48.209,11.503,0,7,0,2,241.71,0.84,203.03,40.04,1,203.03,1,1,1,1,1,362.89,51.77,73672009.24,177667.51,18,0,23,0.1,0.15,25251660.78,5000497.87,104036,124374.04,24629.35,512.42,2577075.58,41.08,27828736.36,137067.11,1570350
187,91.58,9.158,3,4,48.205,11.555,0,7,0,2,183.16,0.84,153.85,30.34,1,153.85,1,1,1,2,1,264.6,39.23,55826008.47,183740.22,22,0,23,0.07,0.1,21712678.57,5965916.13,111890,141128.88,38777.49,727.27,1958337.82,31.15,23671016.38,153857.76,1301693
188,134.09,13.409,3,4,48.202,11.516,0,7,0,2,268.19,0.84,225.28,44.43,2,112.64,7,1,1,1,1,402.65,57.45,81743755.61,177667.51,20,0,23,0.17,0.25,30727165.34,7656811.2,668404,136395.44,33987.98,2966.99,3761396.04,59.76,34488561.38,153091.98,6274150
189,345.37,34.537,3,4,48.199,11.508,0,7,1,2,690.75,0.84,580.23,97.22,2,290.11,3,1,1,1,1,638.38,147.96,118378910.5,150544.01,19,0,23,0.43,0.64,50185777.53,11944187.96,301962,86492.9,20585.26,520.42,8398276.36,133.77,58584053.9,100966.95,4102851
190,103.91,10.391,3,4,48.202,11.56,0,7,1,2,207.82,0.84,174.57,29.25,2,87.29,4,2,1,2,1,193.08,44.52,35616617.66,149904.19,20,0,23,0.11,0.16,14915291.43,4666137.43,397200,85440.18,26729.32,2275.31,2638894.56,42,17554185.99,100556.72,8886201
191,428.12,42.812,3,4,48.199,11.507,0,7,1,2,856.24,0.84,719.24,120.51,2,359.62,3,1,1,1,1,791.33,183.41,146740780.9,150544.01,18,0,23,0.45,0.67,58150527.94,13265461.66,295294,80849.96,18443.72,410.56,8675562.1,138.15,66826090.04,92912.09,5687744
192,64.2,6.42,3,4,48.194,11.533,0,7,1,2,128.39,0.84,107.85,18.07,1,107.85,1,1,1,1,1,118.66,27.5,22003716.96,150544.01,20,0,23,0.09,0.14,9104600.24,2931134.31,102842,84419.1,27177.88,953.57,2378910.94,37.94,11483511.19,106476.69,721052
193,56.44,5.644,3,4,48.217,11.536,0,7,1,2,112.88,0.84,94.82,15.89,1,94.82,5,1,1,1,1,104.32,24.18,19344554.54,150544.01,18,0,23,0.07,0.1,7293189.59,1720375.07,452014,76916.15,18143.59,4767.07,1956307.87,31.14,9249497.46,97547.96,6058559
194,225.58,22.558,3,4,48.21,11.539,0,7,1,2,451.16,0.84,378.97,63.5,2,189.49,4,1,1,1,2,321.71,96.64,77318806.67,184820.3,22,0,23,0.2,0.29,29065093.89,10747137.52,396796,76694.97,28358.81,1047.04,4287168.5,68.31,33352262.39,88007.66,6886458
195,73.85,7.385,3,4,48.2,11.507,0,7,1,2,147.7,0.84,124.07,20.79,2,62.03,2,1,1,2,1,136.5,31.64,25312070.38,150544.01,21,0,23,0.04,0.07,10802949.43,3691372.04,210654,87071.41,29752.33,1697.86,1377313.43,21.94,12180262.86,98172.51,4255846
196,63.19,6.319,3,4,48.202,11.561,0,7,1,2,126.38,0.84,106.16,17.79,1,106.16,1,1,2,1,1,97.54,27.07,21658834.89,173817.79,22,0,23,0.11,0.17,8214611.07,3214343.3,105108,77379.53,30278.29,990.09,2667336.91,42.53,10881947.97,102505.16,1093624
197,121.84,12.184,3,4,48.215,11.553,0,7,2,3,365.51,0.84,307.03,66.07,3,102.34,3,1,1,1,1,451.91,52.19,69731313.86,138328.22,22,0,23,0.19,0.29,33557127.82,12268336.3,314754,109295.92,39958.1,1025.16,4041416.89,64.53,37598544.71,122458.86,5055639
198,81.79,8.179,3,4,48.195,11.551,0,7,2,3,245.36,0.84,206.11,44.35,1,206.11,1,1,1,1,1,303.36,35.04,46810474.52,138328.22,20,0,23,0.05,0.07,20744252.56,7174656.53,104938,100646.51,34809.84,509.14,1533786.37,24.42,22278038.93,108088.1,2110877
199,233.5,23.35,3,4,48.218,11.525,0,7,2,3,700.5,0.84,588.42,126.62,6,98.07,8,1,1,1,1,866.08,100.03,133640157.3,138328.22,18,0,23,0.44,0.66,55885187.73,13904121.72,776882,94975,23629.59,1320.28,8552767.71,136.12,64437955.44,109510.14,13296427
200,95.16,9.516,3,4,48.194,11.549,0,7,2,3,285.48,0.84,239.8,51.6,2,119.9,4,1,1,1,1,352.96,40.77,54462781.21,138328.22,22,0,23,0.15,0.22,26180113.43,9492175.92,417422,109174.78,39583.72,1740.71,3469945.69,55.12,29650059.13,123644.95,5509106
201,236.13,23.613,3,4,48.196,11.553,0,7,2,3,708.38,0.84,595.04,128.04,6,99.17,15,1,2,1,2,411.68,101.16,135143725,263524.77,18,0,23,0.35,0.52,28302330.11,9250833.31,1161188,47563.74,15546.57,1951.45,6858502.03,109.33,35160832.14,59089.86,17255762
202,318.13,31.813,3,4,48.194,11.548,0,7,2,3,954.4,0.84,801.69,172.51,9,89.08,14,1,1,1,1,1180,136.29,182079385.7,138328.22,20,0,23,0.29,0.44,82234923.76,27530843.39,1416310,102576.96,34341.01,1766.66,5842430.76,93.11,88077354.52,109864.6,19302579
203,84.01,8.401,3,4,48.215,11.537,0,7,2,3,252.04,0.84,211.71,45.56,2,105.86,5,1,1,2,1,302.09,35.99,48083966.11,142226.3,22,0,23,0.12,0.18,22413693.76,8331621.34,508206,105869.79,39353.93,2400.48,2893361.04,46,25307054.8,119536.42,7289256
204,201.47,20.147,3,4,48.194,11.55,0,7,2,3,604.41,0.84,507.71,109.25,5,101.54,13,1,1,1,1,747.28,86.31,115309661.1,138328.22,18,0,23,0.34,0.51,47876061.55,12047547.03,1245872,94298.05,23729.19,2453.9,6749125.36,107.32,54625186.91,107591.32,16228284
205,773.94,77.394,3,4,48.224,11.559,0,7,3,1,773.94,0.84,650.11,0,22,29.55,40,1,1,1,1,0,0,86412811.38,nan,20,0,23,0.04,0.07,0,0,0,0,0,0,1338623.11,21.3,1338623.11,2059.07,65086492
206,900,90,3,4,48.222,11.556,0,7,3,1,900,0.84,756,0,25,30.24,34,1,2,1,2,0,0,100487520,nan,20,0,23,0.39,0.58,0,0,0,0,0,0,7589911.62,121.1,7589911.62,10039.57,60066496
207,893.94,89.394,3,4,48.223,11.556,0,7,3,1,893.94,0.84,750.91,0,25,30.04,47,2,1,1,2,0,0,99810914.85,nan,21,0,23,0.46,0.69,0,0,0,0,0,0,8962157.69,142.36,8962157.69,11935.06,77551176
208,630.67,63.067,3,4,48.223,11.555,0,7,3,1,630.67,0.84,529.76,0,18,29.43,70,1,2,1,2,0,0,70416341.82,nan,19,0,23,0.19,0.29,0,0,0,0,0,0,4070840.77,64.67,4070840.77,7684.31,66410263
209,434.1,43.41,3,4,48.222,11.557,0,7,3,1,434.1,0.84,364.65,0,12,30.39,32,1,1,1,1,0,0,48468654.06,nan,19,0,23,0.04,0.06,0,0,0,0,0,0,1317670.39,21.01,1317670.39,3613.52,39216505
210,456.57,45.657,3,4,48.193,11.548,0,7,3,1,456.57,0.84,383.52,0,12,31.96,12,1,1,1,2,0,0,50977341.33,nan,20,0,23,0.24,0.35,0,0,0,0,0,0,5000179.72,79.63,5000179.72,13037.6,24101146
211,431.86,43.186,3,4,48.196,11.52,0,7,3,1,431.86,0.84,362.76,0,11,32.98,11,1,1,1,1,0,0,48218403.91,nan,18,0,23,0.29,0.43,7186,0,8732,19.81,0,24.07,5852599.44,93.1,5859785.44,16153.34,17887332
212,397.27,39.727,3,4,48.194,11.55,0,7,3,1,397.27,0.84,333.7,0,11,30.34,14,1,1,1,1,0,0,44356067.3,nan,21,0,23,0.15,0.23,0,0,0,0,0,0,3349717.1,53.27,3349717.1,10038.11,19547725
213,103.56,10.356,3,4,48.225,11.515,0,8,0,2,207.12,0.84,173.98,33.54,1,173.98,1,1,1,1,1,162.03,44.37,44878571.65,217442.13,21,0,23,0.11,0.17,13195821.79,5601455.43,101042,75846.77,32195.97,580.77,2649718.95,42.3,15845540.75,91076.79,1786048
214,106.57,10.657,3,4,48.197,11.517,0,8,0,2,213.14,0.84,179.04,34.51,2,89.52,4,1,1,1,1,166.74,45.66,46183116.85,217442.13,22,0,23,0.09,0.14,14948565.07,5664259.87,381776,83492.88,31636.84,2132.35,2384905.05,37.97,17333470.12,96813.39,7063846
215,155.64,15.564,3,4,48.202,11.508,0,8,0,2,311.28,0.84,261.47,50.4,2,130.74,7,1,1,1,1,243.51,66.68,67446696.74,217442.13,21,0,23,0.11,0.17,20173094.13,8112461.69,642190,77152.61,31026.36,2456.08,2705810.17,43.03,22878904.29,87501.07,6948471
216,111.01,11.101,3,4,48.226,11.512,0,8,0,2,222.03,0.84,186.5,35.95,2,93.25,2,1,1,2,1,164.83,47.56,48108503.68,226511.87,19,0,23,0.05,0.07,13392837.28,3718689.11,179998,71811.46,19939.35,965.14,1577480.69,25.16,14970317.97,80269.8,2709136
217,116.26,11.626,3,4,48.226,11.512,0,8,0,2,232.52,0.84,195.32,37.65,1,195.32,1,1,1,1,1,181.9,49.81,50381831.01,217442.13,18,0,23,0.04,0.06,13441432.06,3817406.62,93808,68817.49,19544.37,480.28,1352175.76,21.55,14793607.82,75740.36,1384107
218,348.52,34.852,3,4,48.202,11.507,0,8,0,2,697.04,0.84,585.52,112.87,2,292.76,7,1,1,1,1,545.28,149.31,151033259.3,217442.13,20,0,23,0.54,0.81,42910965.22,16891253.58,629142,73286.93,28848.29,1074.5,10458007.39,166.12,53368972.61,91147.99,11035883
219,224.58,22.458,3,4,48.196,11.549,0,8,0,2,449.17,0.84,377.3,72.73,1,377.3,1,1,1,1,1,351.37,96.21,97324077.71,217442.13,21,0,23,0.21,0.32,28729786.72,12279943.73,101278,76145.74,32546.9,268.43,4477099.39,71.25,33206886.12,88011.89,1160754
220,95.83,9.583,3,4,48.225,11.517,0,8,0,2,191.66,0.84,161,31.03,1,161,1,1,1,1,1,149.94,41.05,41529296.08,217442.13,20,0,23,0.09,0.14,11674264.68,4781919.88,103990,72510.96,29701.37,645.9,2278432.01,36.4,13952696.69,86662.71,1255467
221,601.02,60.102,3,4,48.196,11.515,0,8,1,3,1803.07,0.84,1514.58,217.9,2,757.29,7,1,1,1,1,989.56,257.48,225990691.4,181222.23,20,0,23,0.41,0.61,75902351.66,30785819.34,660104,50114.46,20326.31,435.83,7928393.33,126.09,83830744.99,55349.17,9411705
222,60.77,6.077,3,4,48.213,11.49,0,8,1,3,182.31,0.84,153.14,22.03,1,153.14,2,1,1,1,1,100.06,26.03,22850744.1,181222.23,21,0,23,0.08,0.13,7945702.26,3434545.86,202600,51885.22,22427.49,1322.97,2127906.37,33.95,10073608.64,65780.39,2679716
223,179.12,17.912,3,4,48.201,11.547,0,8,1,3,537.36,0.84,451.39,64.94,2,225.69,7,1,1,1,1,294.92,76.74,67351401.98,181222.23,21,0,23,0.32,0.48,23457128.92,10037412.96,663698,51966.43,22236.68,1470.34,6396099.57,101.55,29853228.49,66136.22,9332091
224,50.01,5.001,3,4,48.212,11.538,0,8,1,3,150.02,0.84,126.02,18.13,1,126.02,5,1,1,2,1,82.33,21.42,18803045.81,181222.23,21,0,23,0.08,0.12,6247921.68,2831982.34,452506,49578.81,22472.48,3590.75,2134938.61,33.96,8382860.28,66520.08,4151505
225,251.8,25.18,3,4,48.216,11.491,0,8,1,3,755.41,0.84,634.55,91.29,2,317.27,1,1,1,1,1,414.58,107.87,94680989.55,181222.23,19,0,23,0.18,0.27,32506423.17,9397836.73,188572,51227.52,14810.24,297.17,3946227.13,62.7,36452650.3,57446.46,3563177
226,345.76,34.576,3,4,48.203,11.506,0,8,1,3,1037.29,0.84,871.32,125.35,2,435.66,6,1,1,2,1,569.28,148.12,130010233.7,181222.23,22,0,23,0.53,0.8,48372282.91,20654512.99,567296,55516.09,23704.85,651.08,10291990.9,163.75,58664273.81,67328.05,9075119
227,251.85,25.185,3,4,48.216,11.491,0,8,1,3,755.55,0.84,634.66,91.31,2,317.33,4,1,1,1,1,414.66,107.89,94697779.41,181222.23,22,0,23,0.18,0.28,35295592.1,15017838.13,399058,55613.39,23662.81,628.77,3939658.67,62.65,39235250.76,61820.9,3083455
228,545.83,54.583,3,4,48.196,11.516,0,8,1,3,1637.49,0.84,1375.49,197.89,2,687.75,3,2,1,1,1,939.71,233.83,205237902.4,174886.85,21,0,23,0.82,1.23,73964164.87,32416479.74,291132,53772.96,23567.22,211.66,15550632.88,247.28,89514797.75,65078.48,3657640
229,201.8,20.18,3,4,48.195,11.53,0,8,2,3,605.41,0.84,508.54,97.28,5,101.71,16,1,1,1,1,440.42,86.45,101146650.6,191976.8,20,0,23,0.57,0.86,30946703.48,13338815.99,1412104,60854.02,26229.63,2776.78,10957144.79,174.28,41903848.27,82400.3,17544772
230,231.06,23.106,3,4,48.214,11.538,0,8,2,3,693.18,0.84,582.27,111.38,6,97.04,17,1,1,1,1,504.27,98.99,115810179.4,191976.8,21,0,23,0.19,0.29,37283707.93,17045266.24,1540836,64031.65,29273.82,2646.26,4025220.53,64.27,41308928.46,70944.63,21729716
231,134.9,13.49,3,4,48.212,11.54,0,8,2,3,404.7,0.84,339.95,65.03,3,113.32,4,1,1,1,1,294.41,57.79,67613619.66,191976.8,19,0,23,0.15,0.22,21669143.8,6551071.75,356188,63742.15,19270.69,1047.77,3368801.08,53.6,25037944.88,73651.85,4022716
232,185,18.5,3,4,48.214,11.539,0,8,2,3,555,0.84,466.2,89.18,5,93.24,12,1,1,1,1,403.74,79.25,92724353.15,191976.8,22,0,23,0.36,0.54,31882837.66,14462406.09,1154252,68388.76,31021.89,2475.87,7044668.35,112.3,38927506.01,83499.58,14558137
233,173.51,17.351,3,4,48.214,11.536,0,8,2,3,520.53,0.84,437.25,83.64,4,109.31,15,1,1,2,2,314.64,74.33,86966532.75,223577.79,22,0,23,0.22,0.33,25024114.91,12730393.97,1318180,57230.68,29114.68,3014.71,4616763.87,73.57,29640878.77,67789.32,16166611
234,179.9,17.99,3,4,48.212,11.539,0,8,2,3,539.69,0.84,453.34,86.72,5,90.67,9,1,1,1,1,392.61,77.07,90166464.4,191976.8,20,0,23,0.08,0.13,27600351.04,12267647.72,829506,60882.23,27060.59,1829.77,2163086.28,34.41,29763437.32,65653.68,12625912
235,186.22,18.622,3,4,48.219,11.53,0,8,2,3,558.67,0.84,469.28,89.76,5,93.86,12,1,1,1,1,406.41,79.78,93337463.74,191976.8,20,0,23,0.38,0.57,28573210.97,12606058.23,1077532,60887.34,26862.55,2296.14,7443510.82,118.23,36016721.79,76748.9,14883631
236,302.99,30.299,3,4,48.214,11.537,0,8,2,3,908.97,0.84,763.54,146.05,8,95.44,18,2,1,1,1,617.07,129.8,151863983.6,203333.46,20,0,23,0.54,0.81,43916053.78,19832766.81,1611400,57516.38,25974.76,2110.43,10436770,165.83,54352823.78,71185.3,18697789
237,409.83,40.983,3,4,48.214,11.54,0,8,3,1,409.83,0.84,344.26,0,11,31.3,13,1,1,1,1,0,0,45758867.13,nan,21,0,23,0.17,0.25,0,0,0,0,0,0,3686566.8,58.85,3686566.8,10708.67,24337901
238,445.04,44.504,3,4,48.214,11.537,0,8,3,1,445.04,0.84,373.84,0,12,31.15,15,1,1,1,1,0,0,49690312.32,nan,20,0,23,0.26,0.39,0,0,0,0,0,0,5305033.42,84.58,5305033.42,14190.65,25159290
239,675.88,67.588,3,4,48.214,11.536,0,8,3,1,675.88,0.84,567.74,0,19,29.88,26,1,1,1,1,0,0,75464128.12,nan,19,0,23,0.34,0.51,0,0,0,0,0,0,6732460.11,107.52,6732460.11,11858.35,41302360
240,864.68,86.468,3,4,48.201,11.561,0,8,3,1,864.68,0.84,726.33,0,17,42.73,17,1,1,2,1,0,0,96543957.81,nan,18,0,23,0.35,0.52,14211.56,0,15700,19.57,0,21.62,6919134.34,110.29,6933345.9,9545.72,39599589
241,434.59,43.459,3,4,48.213,11.538,0,8,3,1,434.59,0.84,365.05,0,12,30.42,15,1,2,2,1,0,0,48522841.14,nan,19,0,23,0.37,0.56,0,0,0,0,0,0,7312819,116.53,7312819,20032.38,21066933
242,445.94,44.594,3,4,48.214,11.538,0,8,3,1,445.94,0.84,374.59,0,12,31.22,17,1,1,1,2,0,0,49790089.32,nan,18,0,23,0.33,0.5,4412.23,0,11840,11.78,0,31.61,6642960.86,105.66,6647373.09,17745.73,19105199
243,512.99,51.299,3,4,48.195,11.544,0,8,3,1,512.99,0.84,430.91,0,14,30.78,20,1,1,1,1,0,0,57276551.2,nan,21,0,23,0.19,0.28,0,0,0,0,0,0,4100757.6,65.26,4100757.6,9516.51,24658649
244,457.48,45.748,3,4,48.213,11.539,0,8,3,1,457.48,0.84,384.28,0,13,29.56,14,2,1,1,1,0,0,51078415.71,nan,22,0,23,0.35,0.52,0,0,0,0,0,0,6873846.82,109.41,6873846.82,17887.6,19889710
245,188,18.8,3,4,48.224,11.523,0,9,0,2,376.01,0.84,315.85,56.01,2,157.92,2,1,1,1,1,255.17,67.12,93587175.21,290387.71,20,0,23,0.16,0.24,20385246.24,7788515.76,176098,64540.91,24658.91,557.54,3588621.59,57.18,23973867.83,75902.7,2316894
246,137.78,13.778,3,4,48.198,11.518,0,9,0,2,275.55,0.84,231.46,41.04,2,115.73,7,2,1,2,1,200.56,49.19,68584098.79,274612.64,22,0,23,0.17,0.26,17960048.17,6772459.42,613138,77594.61,29259.74,2649,3808586.13,60.61,21768634.3,94049.23,9396743
247,144.76,14.476,3,4,48.217,11.547,0,9,0,2,289.53,0.84,243.2,43.12,2,121.6,4,2,1,1,1,217.42,51.68,72061746.88,267787.6,22,0,23,0.07,0.1,19682660.45,7092505.7,368386,80931.99,29163.26,1514.75,1972464.7,31.39,21655125.15,89042.46,4753177
248,166.61,16.661,3,4,48.204,11.507,0,9,0,2,333.21,0.84,279.9,49.63,2,139.95,2,1,1,1,1,226.12,59.48,82934809.51,290387.71,19,0,23,0.19,0.28,18262064.13,4971172.85,170480,65244.96,17760.53,609.07,4088577.28,65.09,22350641.41,79852.24,2542051
249,88.55,8.855,3,4,48.219,11.527,0,9,0,2,177.11,0.84,148.77,26.38,1,148.77,1,1,1,1,1,120.19,31.61,44081473.33,290387.71,21,0,23,0.07,0.11,10188633.28,4045344.6,95328,68485.81,27191.94,640.77,1982305.79,31.57,12170939.07,81810.44,1324271
250,139.16,13.916,3,4,48.224,11.515,0,9,0,2,278.31,0.84,233.78,41.45,2,116.89,6,1,1,2,1,182.44,49.68,69270635.44,298430.67,18,0,23,0.14,0.21,13438303.07,3567095.28,465494,57482.69,15258.34,1991.16,3231499.44,51.41,16669802.51,71305.51,5876415
